puzzle_n,H,rmd160,r_Px,R160_Px,E_Px,r_Py,R160_Py,E_Py,r_neg_y,R160_neg_y,E_neg_y,r_y2_full,R160_y2_full,E_y2_full,r_x3plus7_full,R160_x3plus7_full,E_x3plus7_full,r_p_carry,R160_p_carry,E_p_carry,r_r,R160_r,E_r,r_s,R160_s,E_s,r_z,R160_z,E_z,r_Ry,R160_Ry,E_Ry,r_d,R160_d,E_d,y2_full,x3plus7_full,p_carry,H_hat,B,B_E
133,1,7450356150302098424031656932077869694484778575,,,,,,,,,,,,,,,,,,,,,,,,,,,,,,,,,,,,,,,
136,2,29380874063263221243322914031204830152914240356,,,,,,,,,,,,,,,,,,,,,,,,,,,,,,,,,,,,,,,
24,3,53385893695830736954287151536774605509274148399,47,85.068966,82.068966,76,138.068966,135.068966,13,22.931034,19.931034,76,138.068966,135.068966,47,85.068966,82.068966,47,85.068966,82.068966,52,94.206897,91.206897,20,35.724138,32.724138,36,64.965517,61.965517,72,140.370370,137.370370,24,46.148148,43.148148,9211647689780820127072133132312489925227626822368328653661485239897748458891490805082744791907649878506792990888009062428635393768886426311670560723489681,125387720556363790751479139022251974365271226294038872450512193715919548687467341026783222079671158608565542865834966505298348492301962918099273823645304170892922009576208330975493212145883030572750304007180656979634727760111285959,1082869489463838271124518309152794966043039728274499739046345391158744832068230806387959941588098536098104357723846067025871582409380093537031737660200106,87.821461,84.821461,84.821461
39,4,63876230572707873508234135797240279655584434294,19,33.896552,29.896552,19,33.896552,29.896552,70,127.103448,123.103448,19,33.896552,29.896552,19,33.896552,29.896552,19,33.896552,29.896552,46,83.241379,79.241379,3,4.655172,0.655172,26,46.689655,42.689655,53,103.074074,99.074074,39,75.592593,71.592593,591065693032485846367419332391595381098139943186077311481512984730881053342804452271941121826370323441534864431477126159528184283099874310827744750137156,8698283428585064581203783692176657373432915821728494200577990889239159312422065452841322005728422343859206598148663671829744318842451513286330484098683142857086363810965553148603824726635753507516627794126654002975721720493030882,75119841829245428998753389480170107364862210767367388237863017741077731858101206615424747113256922221557493496908096410269555187685466330691824371940802,67.300434,63.300434,63.300434
27,5,71243861791265191137214191320679822682818958688,14,24.758621,19.758621,3,4.655172,-0.344828,86,156.344828,151.344828,3,4.655172,-0.344828,14,24.758621,19.758621,14,24.758621,19.758621,68,123.448276,118.448276,48,86.896552,81.896552,8,13.793103,8.793103,70,136.444444,131.444444,27,52.037037,47.037037,2163675362603464470310530948350778341318420042118072524741518174455936402401004426366534688450951766166581359441438912146711880623473761653082357357761,1726883044627444021815479804501688523158307886117494037257322211476902800608017611349272863556347291729537079530192104708766019412582222122433533929414016087054373803307672187254204777231810500006552888167965878865389156112174015,14913653048337288573461462396354123219851881492828779941053382497568702105374760569835155679873254486547127990694146863406659893777788411500247680674658,62.426034,57.426034,57.426034
49,6,75272264897479209870015558571483750752661274099,39,70.448276,64.448276,65,117.965517,111.965517,24,43.034483,37.034483,65,117.965517,111.965517,39,70.448276,64.448276,39,70.448276,64.448276,49,88.724138,82.724138,61,110.655172,104.655172,10,17.448276,11.448276,5,8.851852,2.851852,49,95.222222,89.222222,7138081631638819874279057490831804058018442070043888576394752228935380817819970534298143303742721169979435651482375211707927350352549398752048530145605264,65488843243935179511607337737529657648449195584122666295372343283803806926025116755876266084357134618390560603386228112344399446181110267399678733974597879879449370148306069989328630029154573378336030048617448807539749413926131783,565572688732782261023582525809337629780263965625094132039434870176843263354077802414422663683042594748603747508899686600845050578493291849847223663192313,83.056898,77.056898,77.056898
110,7,82049690233000541999703872760420841279646528007,3,4.655172,-2.344828,2,2.827586,-4.172414,87,158.172414,151.172414,2,2.827586,-4.172414,3,4.655172,-2.344828,3,4.655172,-2.344828,19,33.896552,26.896552,38,68.620690,61.620690,2,2.827586,-4.172414,69,134.481481,127.481481,78,152.148148,145.148148,1762299217716137748342954968744814975983952636591147835302836366060419629097130114244842175390385474199249544403559598387632245871222958041865895470001,81653443729832763626294229368837721744876099418649615387721738677779047685453265004345547769727459296569247029310039729503882267104873200479194452888549567328986726605454791132128183350936939242660862494821034946337618742746988,705172903154755357542719611615601322580469828301318597696090341292339867365177778710818310822733741371742086101858746306703610914837285079856130218549,58.810513,51.810513,51.810513
73,8,93384296080826527513866566226544575789017883620,,,,,,,,,,,,,,,,,,,,,,,,,,,,,,,,,,,,,,,
28,9,108620822813522492266376581819639427924697199066,80,145.379310,136.379310,7,11.965517,2.965517,82,149.034483,140.034483,7,11.965517,2.965517,80,145.379310,136.379310,80,145.379310,136.379310,79,143.551724,134.551724,71,128.931034,119.931034,21,37.551724,28.551724,81,158.037037,149.037037,28,54.000000,45.000000,20286318844786967701026288388678764710063061048630099063560508919252162133766694796027599704899026162717713847611611090624200855260027843619500762321681,1184150831097103735251677773512386229516210395047181240099609623156352665331452390796507140058301505332347212462842099168702286681020080505884425656655322243239139693553217450718844084203926659453536736232195075648918426889136984382,10226526172009760111597487778893033194571539290185671473404751155750676094101380363478784995187213222900691555849461631418930391965273755899479336140310627,83.703480,74.703480,74.703480
134,10,135006967471722839980834131417616923823772958905,,,,,,,,,,,,,,,,,,,,,,,,,,,,,,,,,,,,,,,
143,11,148015448143850938387727920767978496077960910416,,,,,,,,,,,,,,,,,,,,,,,,,,,,,,,,,,,,,,,
151,12,150211390682429332175597990070554728164462314990,,,,,,,,,,,,,,,,,,,,,,,,,,,,,,,,,,,,,,,
82,13,187383170712278387814651781948281117334709006433,,,,,,,,,,,,,,,,,,,,,,,,,,,,,,,,,,,,,,,
66,14,187423338981158211254787117322131734317871511717,38,68.620690,54.620690,46,83.241379,69.241379,43,77.758621,63.758621,46,83.241379,69.241379,38,68.620690,54.620690,38,68.620690,54.620690,20,35.724138,21.724138,23,41.206897,27.206897,31,55.827586,41.827586,22,42.222222,28.222222,66,128.592593,114.592593,3110230049105621994559656984515683271698359071150488229641758922922477832833620091544861425293522075098966281304008870626241208476302174926603581126798400,45426770438391936448990668897950844302198890145166937369605943123542061886191823826152637849848198885717811877670367980551135054817240739698289373015470868536644093860388646671620966341064144088470307689057465564483619069106052236,392313246419534320642897305645727189359844225925141600568534524496929687996221416644109661537594362103111453534882681296544472265196806116494246164710772,78.798132,64.798132,64.798132
157,15,206537746753890332466713099942766912152833340339,,,,,,,,,,,,,,,,,,,,,,,,,,,,,,,,,,,,,,,
83,16,210138660389333538426591951288269072538385683874,,,,,,,,,,,,,,,,,,,,,,,,,,,,,,,,,,,,,,,
37,17,232709645806532347672404250083069682558406623773,52,94.206897,77.206897,34,61.310345,44.310345,55,99.689655,82.689655,34,61.310345,44.310345,52,94.206897,77.206897,52,94.206897,77.206897,63,114.310345,97.310345,36,64.965517,47.965517,39,70.448276,53.448276,48,93.259259,76.259259,37,71.666667,54.666667,1935647743922713757333089006480454879635151367912214353961968071996032886064498368924209016237622333408721360336396374298693151431203092453512654440730624,181483708536692645766734536935861898779212554587700490519777720309139459827829120297629027716282943306131355302125756253670502064428481395028596017791970656498293286677237998523398691608712213514522815645049209355031047886946067700,1567323896926510251936900477448749644366078791438442180085549821681493217769556861807680200269405400757859626183944637644203522579532416733700335098706252,80.641089,63.641089,63.641089
21,18,237804177383854528740903125868242177373381939030,13,22.931034,4.931034,16,28.413793,10.413793,73,132.586207,114.586207,16,28.413793,10.413793,13,22.931034,4.931034,13,22.931034,4.931034,44,79.586207,61.586207,74,134.413793,116.413793,78,141.724138,123.724138,9,16.703704,-1.296296,21,40.259259,22.259259,420585055556512775100295727209741100072443154492493555560452508634726780238902326468030322492500407910958306515906950527166524409021629408426115669061809,1713283548298862042308119427292322516748629565343862969644809155426320692111788620069502193623179791104477933599337524458897878264891883444873656651500720798430772955768792628189596687367671185853758673547855570765484005543436159,14796205505779266534964146323069632685614186849929086038393812278747970210885590855169842696285907837196668593929372746646687527739368974729020837602450,64.818177,46.818177,46.818177
159,19,244085258871455848540644414295584483545914627653,,,,,,,,,,,,,,,,,,,,,,,,,,,,,,,,,,,,,,,
96,20,260611799489884853864223547583164836812465848292,,,,,,,,,,,,,,,,,,,,,,,,,,,,,,,,,,,,,,,
107,21,264850468790110046403329152135145724704130418961,,,,,,,,,,,,,,,,,,,,,,,,,,,,,,,,,,,,,,,
25,22,269603043908408876625075787454789060252112076219,1,1.000000,-21.000000,64,116.137931,94.137931,25,44.862069,22.862069,64,116.137931,94.137931,1,1.000000,-21.000000,1,1.000000,-21.000000,12,21.103448,-0.896552,78,141.724138,119.724138,56,101.517241,79.517241,40,77.555556,55.555556,25,48.111111,26.111111,6916706100532052770155061489760707295074092067149969126722137284278819775018407072042416042722849800987970349705116402277084466148233181394602671649667129,15387517732977136635230905781155301944045281524066149170140289395097953647336254660838047562565598684626142874792135401412781905025540472634111759430032379634397123803688760035593656305758281766079504687358486748753206764026799,132889196786495302291036525614479173042070399982067886892081589242413071883184510498718452815519070615059269598724123358525555799172906296927142570090,71.077071,49.077071,49.077071
53,23,269938057899479461158616439596796306233630299473,7,11.965517,-11.034483,37,66.793103,43.793103,52,94.206897,71.206897,37,66.793103,43.793103,7,11.965517,-11.034483,7,11.965517,-11.034483,45,81.413793,58.413793,62,112.482759,89.482759,6,10.137931,-12.862069,14,26.518519,3.518519,53,103.074074,80.074074,2098204804152437392467363984059299584536050677771720464680794239630125639872791794009464635915259909728296986879605563884298082069447926580425157365017664,355911576582313077306205842544558557648513917870436368205729017554530344348138825427106746057102371258955971198629281134330101096585469520758605029547805243875466479356025847413471644205551348428505350386740849156023781166377120,3073712366074260502918121444564182149828085996036755703239950257768585810170957288036383442142259149665609728981904644223791888476698746244639199236512,67.324101,44.324101,44.324101
142,24,272930925398237711062007599079555106662373330914,,,,,,,,,,,,,,,,,,,,,,,,,,,,,,,,,,,,,,,
57,25,288446282595067968546013571889449807045549408929,67,121.620690,96.620690,42,75.931034,50.931034,47,85.068966,60.068966,42,75.931034,50.931034,67,121.620690,96.620690,67,121.620690,96.620690,83,150.862069,125.862069,63,114.310345,89.310345,44,79.586207,54.586207,56,108.962963,83.962963,57,110.925926,85.925926,2552280173265816604016033866885710646873932796355832889424074346142547234244968854827268778365259803384591640252186014631748122599803346820160644985904400,416682642094384420557631356184003135676536675551219713875434719236071779041682990119905817788613143131279347361119447700588038930953898334671230201979667634730527480255367965415945774505080005433923510403357448744920772624662362735,3598541531109195510939310949733458067324203418679383352185489485155299440080249917291200775371801605469645594028552602263323875781836720987161101406254545,86.950653,61.950653,61.950653
137,26,299788272674797114125645650092407727936098356380,,,,,,,,,,,,,,,,,,,,,,,,,,,,,,,,,,,,,,,
78,27,302581759018585366810500576223602477509924946316,,,,,,,,,,,,,,,,,,,,,,,,,,,,,,,,,,,,,,,
81,28,303253928545191905666729829858498338001917941198,,,,,,,,,,,,,,,,,,,,,,,,,,,,,,,,,,,,,,,
52,29,312196984432035396752469331924175937073177770727,50,90.551724,61.551724,79,143.551724,114.551724,10,17.448276,-11.551724,79,143.551724,114.551724,50,90.551724,61.551724,50,90.551724,61.551724,43,77.758621,48.758621,54,97.862069,68.862069,73,132.586207,103.586207,6,10.814815,-18.185185,52,101.111111,72.111111,9606304692991210132228973180000465606075032526072708313051609918035830600718086683178261106596420262720613841024046782965047266129673599480475655558970729,147308700778929127666491685092125712411379197218826751908373569799092195263418216810490234925877448012454614700266076445104152278881386754852517099007219035469139536560249983053160302554596322171137729288448986491965327251273715006,1272182769558804253988152178278263227663365030705441095530421590845041599691170732464935526372003415276288638955974822926150032288905859195138602399768379,89.374351,60.374351,60.374351
88,30,323481455207859318196811937059934253257606019905,,,,,,,,,,,,,,,,,,,,,,,,,,,,,,,,,,,,,,,
135,31,339313561024031265435986695011695739557734064934,12,21.103448,-9.896552,38,68.620690,37.620690,51,92.379310,61.379310,38,68.620690,37.620690,12,21.103448,-9.896552,12,21.103448,-9.896552,71,128.931034,97.931034,22,39.379310,8.379310,54,97.862069,66.862069,,,,,,,2148462173807790720104625870053720617176214972925934201003717892644689216467745472285388612085270990752723147529668451092567054504286572589401508955040000,781442844999823570180687756686769401983426204825264796137944565997591859356256666683248414128209729910252220480045059648470686320642494797753675635984664818779640736340712466538664129735888420613483886035628657981608921146479007,6748672125591018374099144633561370875368115526597691309052989030161016954248076489895037255118891744016671471702653958435380935561367662507549862547089,69.080888,38.080888,38.080888
64,32,359043673790534646037006540730459475416853924004,8,13.793103,-18.206897,28,50.344828,18.344828,61,110.655172,78.655172,28,50.344828,18.344828,8,13.793103,-18.206897,8,13.793103,-18.206897,28,50.344828,18.344828,69,125.275862,93.275862,82,149.034483,117.034483,31,59.888889,27.888889,64,124.666667,92.666667,1347447335102463211198563898600120119274366739373009921068371185544028117952692110753750902894525279210028969767871385529461304073359075861776119635782841,380720177502853955158743896872278486907537865044321816006387590556852418834516204870075162627647872809130813088872802726876862112300423196493332493733338031010059643302926803116949700156710335384016125158522701910688453805303388,3287963625240122724840606503475195105323135763620184989771650913909536223307670223714157779594768897947898660335377890389619891371660410974559433406669,65.763322,33.763322,33.763322
131,33,375114163551972017189478196983396162425165017566,,,,,,,,,,,,,,,,,,,,,,,,,,,,,,,,,,,,,,,
114,34,379451362975576555275566055077390313470706275052,,,,,,,,,,,,,,,,,,,,,,,,,,,,,,,,,,,,,,,
93,35,400701514705121706839146850283519298151475293325,,,,,,,,,,,,,,,,,,,,,,,,,,,,,,,,,,,,,,,
56,36,411789911050205055549480569502908195550632201421,28,50.344828,14.344828,80,145.379310,109.379310,9,15.620690,-20.379310,80,145.379310,109.379310,28,50.344828,14.344828,28,50.344828,14.344828,41,74.103448,38.103448,68,123.448276,87.448276,38,68.620690,32.620690,29,55.962963,19.962963,56,108.962963,72.962963,10269533337440917465196965237507871034436047500513399199600787400890929124616507789038536412618072466705243926351560570216882873491235470036948588433328609,23335905600266732761773362033185954103293598971809759307235129493221860472467196953633523460750883807746657579780225467933543535792358697020459433120803766990748606031194160437164648136935904998778301071147007158259186973633922735,201532814149675907952283877302089631539975391149374694035222519095114851329294962748827197802127086287167150925997686735907483370481155000816317070931602,82.766832,46.766832,46.766832
120,37,429754963754638417526069230406242595932172005518,77,139.896552,102.896552,15,26.586207,-10.413793,74,134.413793,97.413793,15,26.586207,-10.413793,77,139.896552,102.896552,77,139.896552,102.896552,58,105.172414,68.172414,15,26.586207,-10.413793,46,83.241379,46.241379,34,65.777778,28.777778,80,156.074074,119.074074,380023839229234201089236096042818952551241924380754009661677132331620054877623139307552567779458552696439929750667625523739221379360983649204712243506064,817385140502104883755032607848577883193528189350256291002116329836492441814316889212918480003573195189868767398479666246216334620964198782819207890068065295469346879606497925535192482065236318041395427824473699061543074720796356615,7059075847805732741788234810016801715467968970984867911928185775953275846112577066933383606535874322386485690315470818175590581016204211581000563414827577,84.436840,47.436840,47.436840
153,38,438512500477676049084978069824432762602147085503,,,,,,,,,,,,,,,,,,,,,,,,,,,,,,,,,,,,,,,
111,39,439509009352293584448532965993889360610814035702,,,,,,,,,,,,,,,,,,,,,,,,,,,,,,,,,,,,,,,
33,40,445789552854827258519679623158235196608435468663,66,119.793103,79.793103,4,6.482759,-33.517241,85,154.517241,114.517241,4,6.482759,-33.517241,66,119.793103,79.793103,66,119.793103,79.793103,65,117.965517,77.965517,17,30.241379,-9.758621,65,117.965517,77.965517,19,36.333333,-3.666667,33,63.814815,23.814815,3416713383324718192709332754118283087172194867565808949104000792720494475921539209295196889664477478282288822943608917915183962126160115315514226987329,403228852611027465492918957395765398090259697278297552095070177741522063711091213154898932156102160315202672443119964436195255843918864674950971354632032342850022643592656711361850690941917345226095593141604425959902103270290290480,3482352337426167841661111253209011215948585183138067744813496642908555131033249039971054764424137209027749340069435901348050283674809968880033309494067777,78.742909,38.742909,38.742909
112,41,448198976487927889778597657621737981239201686670,,,,,,,,,,,,,,,,,,,,,,,,,,,,,,,,,,,,,,,
106,42,458741171730833921097604557197223386194016439879,,,,,,,,,,,,,,,,,,,,,,,,,,,,,,,,,,,,,,,
65,43,473297396586642889676789498927544571546534609207,21,37.551724,-5.448276,82,149.034483,106.034483,7,11.965517,-31.034483,82,149.034483,106.034483,21,37.551724,-5.448276,21,37.551724,-5.448276,35,63.137931,20.137931,46,83.241379,40.241379,18,32.068966,-10.931034,66,128.592593,85.592593,65,126.629630,83.629630,10590021658574211281541120145938431453499671666253997306289298373755239565339387588669671994802507970920155182832968600568222210448889930798313296904130576,10316675373542755017097369732926569725751404719908589492269170803350837973453073095405792029547112227377504515485170340721693216205851827689092648115083828942739304992067428833489382535306841342389378818860174135454385236328474090,89096547454107174367611639028241070744253889820001311604168408437340306972220251109573061198729703181146220003075186160084587155087568584770762239012678,81.013990,38.013990,38.013990
147,44,474397641132759930723256928909800015183218411502,,,,,,,,,,,,,,,,,,,,,,,,,,,,,,,,,,,,,,,
97,45,499839569762987285421747565448537139089124745202,,,,,,,,,,,,,,,,,,,,,,,,,,,,,,,,,,,,,,,
29,46,515268194363014992560971554439871005288137993708,46,83.241379,37.241379,85,154.517241,108.517241,4,6.482759,-39.517241,85,154.517241,108.517241,46,83.241379,37.241379,46,83.241379,37.241379,73,132.586207,86.586207,60,108.827586,62.827586,27,48.517241,2.517241,27,52.037037,6.037037,29,55.962963,9.962963,12359177359826230561134318457857504704352539362007940597179260181500112121166480970756229154699603515934469195399756815331899137762340051272595401366010000,118744574364005216809496761616511564380779980621162095466928374448393369359411470014335917314479478448191439839206467350721362844474931205589238091304809458666504903492996924967503954586535233105722070832477592002109629771622877983,1025498159210495764108603631749438746874100503930743869488839027808660070963982848678676733458651613117052466548755699780227175456593822766212734069364641,89.382240,43.382240,43.382240
145,47,518073365973944588491746167881348747634254849833,71,128.931034,81.931034,33,59.482759,12.482759,56,101.517241,54.517241,33,59.482759,12.482759,71,128.931034,81.931034,71,128.931034,81.931034,54,97.862069,50.862069,7,11.965517,-35.034483,7,11.965517,-35.034483,,,,,,,1844949724612568271837439993873028254898875357914288229271609402505501361277495534673860274635989043111573722362678604694777294726648932426697887150838089,503339363768997858008133603383747877466846414740363110917827418368555779522684156599639538423185018391143678580521614436495683982796621917760870641879711748374738114703146177415977348363879071327029976259785225489210974747733892132,4346923585923063282845566049919866713750609268471153949226418219006312321971308185173325030764982897579186388242715976798062645464678458421479302686250261,86.319241,39.319241,39.319241
89,48,526484540621208074518327605183262185279235361150,,,,,,,,,,,,,,,,,,,,,,,,,,,,,,,,,,,,,,,
70,49,535057393045998874059714060903434364160149232400,60,108.827586,59.827586,78,141.724138,92.724138,11,19.275862,-29.724138,78,141.724138,92.724138,60,108.827586,59.827586,60,108.827586,59.827586,22,39.379310,-9.620690,45,81.413793,32.413793,87,158.172414,109.172414,59,114.851852,65.851852,70,136.444444,87.444444,9474089732334727142206921426360761460555982193171075976794092808655596958860245644869212741029255061881733407402478169002422250155295804711747286366536704,281531920881429754243635863460509406851921150643674677109087463909084680468202282817542742508176649950409722247760285844857233938306919012255958258826019636562933694980617790758518782391803763351086900746095086713514855550545836450,2431357122371540703842212537561622267000533235851302715804377605866712680198007373057629723988018034142382076025928583277660235181570221858528373153657342,92.264402,43.264402,43.264402
3,50,536243368524251735213067994289559226314232905577,41,74.103448,24.103448,40,72.275862,22.275862,49,88.724138,38.724138,40,72.275862,22.275862,41,74.103448,24.103448,41,74.103448,24.103448,31,55.827586,5.827586,18,32.068966,-17.931034,74,134.413793,84.413793,33,63.814815,13.814815,3,4.925926,-45.074074,2338860498449335932540006835903418330192641398502308426161091595096088766779607843285903440896790132040528954065492043983989762606306143326565742672021924,73815137709721328232407485760841551838967190141710279016657289267616870924682142056774221383587341682762724695798221020013320111919927506365841940774006458209111822813462171773941091367627947493298714301919118935197451626099381191,637479971178661495722387866130820553397399648614844353293525580608520074703449222347982056148793890435631144845276980795374474039145132758361810599596109,78.480454,28.480454,28.480454
95,51,541465061473978956208018762469779110556238966152,63,114.310345,63.310345,58,105.172414,54.172414,31,55.827586,4.827586,58,105.172414,54.172414,63,114.310345,63.310345,63,114.310345,63.310345,78,141.724138,90.724138,44,79.586207,28.586207,40,72.275862,21.275862,21,40.259259,-10.740741,75,146.259259,95.259259,5085471469431928472349494311406579230743662138610609861353887312997797230629296581786524780087391276806091537713988220957182364088031515261363230975921636,315308094593655338216784076044618694034656863634787629429759128943134267297974043483883090880422885372987436608610244311115121391148844619351313116208945606838735463816944423019104275244686964969521517485354487130665445009110328132,2723053851696470889290862586260700420143734475108704244402179099493977679660149029945780255899109801445024585493653124429572795842715510120359662698514592,89.036951,38.036951,38.036951
69,52,559024828876016353727014141016900571036246267306,36,64.965517,12.965517,73,132.586207,80.586207,16,28.413793,-23.586207,73,132.586207,80.586207,36,64.965517,12.965517,36,64.965517,12.965517,6,10.137931,-41.862069,6,10.137931,-41.862069,55,99.689655,47.689655,77,150.185185,98.185185,69,134.481481,82.481481,9090500842209029967208785905952791196976940296840790549379338273881400622667281610182024845338998086937121730706443871004446769885774407056445858408321796,40095779731832367921315862625536054539823087624312933770139431162597854996416461138813984449357596523442155305980945048322034011159892298499121448973589637477862056938844596303581073039834288492185351815209855117170055280197736338,346273912112043859269605354770372861306995113103991012183928050644384996376354280777212163733368133814403522693215965130714937105767808592380063896206034,83.790258,31.790258,31.790258
158,53,562640564128511188711478918003836450268562812969,,,,,,,,,,,,,,,,,,,,,,,,,,,,,,,,,,,,,,,
92,54,577783305839750673717077702817077337984848608056,,,,,,,,,,,,,,,,,,,,,,,,,,,,,,,,,,,,,,,
79,55,590325581182733434801721127707688642479055123418,,,,,,,,,,,,,,,,,,,,,,,,,,,,,,,,,,,,,,,
61,56,594164164031002552475729414164827687038935960765,34,61.310345,5.310345,75,136.241379,80.241379,14,24.758621,-31.241379,75,136.241379,80.241379,34,61.310345,5.310345,34,61.310345,5.310345,38,68.620690,12.620690,12,21.103448,-34.896552,81,147.206897,91.206897,38,73.629630,17.629630,61,118.777778,62.777778,9163398717102921960625352683624642432060074544661903102572655887244503524207099710915089171158537549171917178100524222252714400416826428353181593593032976,36955951748656275113322465277880404207296183205381054990319998425626043733321876646994339905341291366310959083932451588262874157385931893613827912322303106359522210127652866538559421499194082655217902566329935228990211323182653382,319157828415332877655802473164539692420810416304671961596572760312255730546964272459009191401570247625454245563775261788349287490465091629990486530597162,83.586362,27.586362,27.586362
126,57,595132376335207227321553267328301777165354926321,,,,,,,,,,,,,,,,,,,,,,,,,,,,,,,,,,,,,,,
138,58,600393062199263539860547409466303341296569852044,,,,,,,,,,,,,,,,,,,,,,,,,,,,,,,,,,,,,,,
103,59,601581318945004638047254703148842866373951532996,,,,,,,,,,,,,,,,,,,,,,,,,,,,,,,,,,,,,,,
155,60,613972286197244727413767505767766228563642651364,42,75.931034,15.931034,86,156.344828,96.344828,3,4.655172,-55.344828,86,156.344828,96.344828,42,75.931034,15.931034,42,75.931034,15.931034,84,152.689655,92.689655,16,28.413793,-31.586207,47,85.068966,25.068966,,,,,,,12378684364381345186378132997466209189342736537131730094196314394114530442187974349207924409184112956725819513498653629265351660485054630835818492124504409,73997930200115476888350582263068814606766970675727816082817630664804438275776621372683394113903125948530543819727411354426767351744576629276968269789486621115027861896165111369594782333867946536413206956535241138983293177540051999,639058597936310845669117863703860630824929160195819234937201683264372860446350198668760458129721106565688673073818439532754392149083575204843889172027930,88.350925,28.350925,28.350925
80,61,638819083263296274033048035452588456376781467563,53,96.034483,35.034483,36,64.965517,3.965517,53,96.034483,35.034483,36,64.965517,3.965517,53,96.034483,35.034483,53,96.034483,35.034483,51,92.379310,31.379310,28,50.344828,-10.655172,25,44.862069,-16.137931,23,44.185185,-16.814815,72,140.370370,79.370370,1979359180031966959530446416650533803458444388756311961967514189637104051059245051615562834850700834889138257087801725024517557586573253297484724098738361,185423274137963161358839627063436869163342460986508849577856338767791455725306981984641347061726169926484311699885199048211275759111318954411523833498323215919377139546835671994002219337389672302926159404324684506836377598472890823,1601346649492934417539472614941281800082597883203043625300795052861859742020510150393400422425893893628449139514201180585085067314182596880613421916513874,81.366560,20.366560,20.366560
16,62,640247855682826274945079107018173139769079882717,64,116.137931,54.137931,49,88.724138,26.724138,40,72.275862,10.275862,49,88.724138,26.724138,64,116.137931,54.137931,64,116.137931,54.137931,60,108.827586,46.827586,52,94.206897,32.206897,48,86.896552,24.896552,63,122.703704,60.703704,16,30.444444,-31.555556,3551685801761480733494618709914993569851164094460063586027054427896911865570884604285931317565638609353010920838417025930649161402840688914046012258698304,361874445148640687717469941990299701551474554164846089170564719890528940661133201265607083082874075718808705154160549449133853832033440411343262860082743900746976093100741742994046382346246366493349197804365571296617917754202413359,3125208704084940104668145942168557299348192514728340638596155405365972395333230004472450709457713793686816690364439749994047863141186989437156161505329985,87.476172,25.476172,25.476172
67,63,659839303824851248897023097662559050620196000625,10,17.448276,-45.551724,84,152.689655,89.689655,5,8.310345,-54.689655,84,152.689655,89.689655,10,17.448276,-45.551724,10,17.448276,-45.551724,42,75.931034,12.931034,76,138.068966,75.068966,4,6.482759,-56.517241,41,79.518519,16.518519,67,130.555556,67.555556,11811536344384062548751071145913907430296747776889830524077791945998149631664758729042436212963196810857184739226363511178409618016951379019045371537833156,551220820682628530086840973941770411044884101864000546647921746618145300846450839058648340780444238349130948077220035108900195123130797432451892360430529716986900065592592677001365266795467384399230474780481342843454484574754132,4760435918492669990196375724864943490231777703142743951872689502596130178998301754862129046933646402067886462354777512321577592946565495970697965501552,78.021991,15.021991,15.021991
36,64,666209680845499668942276208778031274768217029943,73,132.586207,68.586207,41,74.103448,10.103448,48,86.896552,22.896552,41,74.103448,10.103448,73,132.586207,68.586207,73,132.586207,68.586207,26,46.689655,-17.310345,87,158.172414,94.172414,84,152.689655,88.689655,64,124.666667,60.666667,36,69.703704,5.703704,2480221856550428540394613162351249589529171055168329448392681401348551891096965934158244374891527860757361548228471590164678076464364287880507857249820816,538815214172385719598641962545006574915341709179944956680054146080898946677481583947162362981361308564063151533340998980589656446227999886631224468280170053224646410542426307389636479128107662896053225747376301631893310005702947871,4653299009642036101983816853978219923297451673611895944138702125915181458016626499905365931058579353084621326658323638886251609522463850191613059171853985,88.601547,24.601547,24.601547
1,65,668631300771580858519448973337422070966705667030,51,92.379310,27.379310,26,46.689655,-18.310345,63,114.310345,49.310345,26,46.689655,-18.310345,51,92.379310,27.379310,51,92.379310,27.379310,11,19.275862,-45.724138,82,149.034483,84.034483,76,138.068966,73.068966,54,105.037037,40.037037,1,1.000000,-64.000000,1067362225016502275772194909503713869376985974142797512091458491530306631211206623652669436957676354343630306950631573032330832513385319878364322508915776,166977061698153803977729810299616665720111080589888563362701662779994291659333477169534477572723704285154275133397811778652651956291844366636068483203593094558427352525126936769086968791554813695916119291254705683450242657305024007,1442042049659660869506300006036683750029629333882594701370927246876626245108435922902327776681700708714008192087431130951749952236093997894375239788520937,78.668573,13.668573,13.668573
124,66,673466163209366754557075241241841294431689622670,,,,,,,,,,,,,,,,,,,,,,,,,,,,,,,,,,,,,,,
77,67,686418639569180635640190628097581103131399445289,,,,,,,,,,,,,,,,,,,,,,,,,,,,,,,,,,,,,,,
141,68,701961902767661508059361428154984989764514246598,,,,,,,,,,,,,,,,,,,,,,,,,,,,,,,,,,,,,,,
101,69,708505052330687834349934766768853773741718227307,,,,,,,,,,,,,,,,,,,,,,,,,,,,,,,,,,,,,,,
105,70,711248617921246431383372316888446851610771607728,75,136.241379,66.241379,5,8.310345,-61.689655,84,152.689655,82.689655,5,8.310345,-61.689655,75,136.241379,66.241379,75,136.241379,66.241379,15,26.586207,-43.413793,34,61.310345,-8.689655,58,105.172414,35.172414,24,46.148148,-23.851852,77,150.185185,80.185185,5168764664440767099039236072873481812388634514829753704262614163153920366958783712621090540194211535868910375629215746113002041605484107644806460620225,624426809017260970737262102517271301273318569248224409306101503240850065323221590808536496829307068627238922429568084406596680070999486077574193209153683826131231114871519635543839434806470946571070690041139580553771317645553328650,5392655172992833403768748428307589565574537608383643570958977767672940179350286123230355171730244196594522554664527241298279197271271915692438197056499975,81.738852,11.738852,11.738852
84,71,711344854160810539215527631065451319146725814336,,,,,,,,,,,,,,,,,,,,,,,,,,,,,,,,,,,,,,,
9,72,713967799919625256716374725165889542310020885172,31,55.827586,-16.172414,51,92.379310,20.379310,38,68.620690,-3.379310,51,92.379310,20.379310,31,55.827586,-16.172414,31,55.827586,-16.172414,3,4.655172,-67.344828,50,90.551724,18.551724,3,4.655172,-67.344828,18,34.370370,-37.629630,9,16.703704,-55.296296,3760112050523807326220320618972323863130818395522858992861279901262213100003363235177732229881394687998924181338042699079782566609550639506384556903003876,28302303142472183852451981136707068673463179524934051858798000970010919539326890599165763074759781702077933484261688450517927796818831546321833562619454103328691631396204451946725541338994198992361652484938472362759401609944895534,244423460435768959566586313657794356224382568290874005284823301866159183155525980570390198248180770803311997296254943661158352852146849319295018850801366,77.668813,5.668813,5.668813
2,73,718403660328363540930262193232206719102664545244,86,156.344828,83.344828,21,37.551724,-35.448276,68,123.448276,50.448276,21,37.551724,-35.448276,86,156.344828,83.344828,86,156.344828,83.344828,37,66.793103,-6.206897,64,116.137931,43.137931,59,107.000000,34.000000,80,156.074074,83.074074,2,2.962963,-70.037037,654491320654672747314294539433002241412255690899580245748342450929495655819562486138476065536627688035353282222154310151683214473417952758514350117948100,1431879736850516512579539758659116473351660094977244625909018988026591365073907962992385329189470405524657686801097230935758536969513506769795981427902613584092753364470258459618470106396797425798980936740798851136295092499802395568,12365954758065338786792838316829376063982949615409460112406042538174076583979076647877551574610237251064121281153797008308780816690064242477614796551745236,88.471987,15.471987,15.471987
149,74,722242930416841308883362845578615561975407945168,,,,,,,,,,,,,,,,,,,,,,,,,,,,,,,,,,,,,,,
98,75,724682041044394042412282097016652621081305916774,,,,,,,,,,,,,,,,,,,,,,,,,,,,,,,,,,,,,,,
123,76,728706233561485620939706721032402912060208409039,,,,,,,,,,,,,,,,,,,,,,,,,,,,,,,,,,,,,,,
22,77,730490441222236681983475761756490845119937558635,27,48.517241,-28.482759,43,77.758621,0.758621,46,83.241379,6.241379,43,77.758621,0.758621,27,48.517241,-28.482759,27,48.517241,-28.482759,7,11.965517,-65.034483,10,17.448276,-59.551724,72,130.758621,53.758621,44,85.407407,8.407407,22,42.222222,-34.777778,2568747896735368690662458128804584330831676565018813919759817210146912250558195262560547408188223653444231383970904459720942423596691819429995602177833104,22973014218830168694980385558701649120361954743021546471148748347389340134266846726144686434252234588495778941764419023270936814220214601474805684448912498802679525850861293956205743621788422430864774740484369574995408300933173218,198398823012398669490827742162504552521433543689056346580659164063501549470656646789522841917697602181391246899369252895012675493214013363521350941740878,74.766929,-2.233071,-2.233071
44,78,735731279167363089777870573039117884608175175966,43,77.758621,-0.241379,44,79.586207,1.586207,45,81.413793,3.413793,44,79.586207,1.586207,43,77.758621,-0.241379,43,77.758621,-0.241379,24,43.034483,-34.965517,65,117.965517,39.965517,52,94.206897,16.206897,74,144.296296,66.296296,44,85.407407,7.407407,2901325619188556371304651020085405669308878059773128371645827379548683641489215456626621435722371222720428388502836587520813569275386619089787151189184144,77536844928935586188240024428809966176595134470866971160398834129309442860833556071850712810424536593917006218244626472214583170297860874590694538896620793012154941177970378394725345226185696566020394469858515887504773027579177759,669621262036507657332323787325183953310790160616802133076140796835431459641819992867769643240297639838239879754913313922096992975900513195215900926963105,79.931396,1.931396,1.931396
12,79,762907946851444594797659748021439920693586426225,57,103.344828,24.344828,35,63.137931,-15.862069,54,97.862069,18.862069,35,63.137931,-15.862069,57,103.344828,24.344828,57,103.344828,24.344828,16,28.413793,-50.586207,37,66.793103,-12.206897,83,150.862069,71.862069,36,69.703704,-9.296296,12,22.592593,-56.407407,1961392036853195605509400540424135561861972327272362429172165301911443863293874722343804660100177129400363976810922922396263926403221993228786674555585489,248540589225964494512656773420544332997876344203156690134936434173130763422247405415730471400291450167250286611122141250034918168902424700847366936046136523145337398724801631401685749687064503867665159865167096525193685763221280199,2146438421337919679899425852698787488561355571786039635945835581885615418618199628330815666889561693320798740111706495454336118862142846193908984913224170,82.397875,3.397875,3.397875
48,80,767185648922580237091054742368595402840905065138,61,110.655172,30.655172,32,57.655172,-22.344828,57,103.344828,23.344828,32,57.655172,-22.344828,61,110.655172,30.655172,61,110.655172,30.655172,59,107.000000,27.000000,14,24.758621,-55.241379,80,145.379310,65.379310,68,132.518519,52.518519,48,93.259259,13.259259,1753013216850728738845953879054408837358988690748301396749937298074830733020598805975524746456493871211290181264135276669460845880276394651482551140190436,286486375358828757721340888581636165275556511931513909017870016404759955984824492347469925747759919743581283487526296560827362047486868532203310789284730880893897002131833480335159786733021880778697471829855507909601701026966786506,2474144626336900857461816001653510676375374430114837986408504969499372128619180614775979934092315446661801899504132139687937397529207753450161227961232890,83.013509,3.013509,3.013509
76,81,770579831785767823487286250650586160735351106836,,,,,,,,,,,,,,,,,,,,,,,,,,,,,,,,,,,,,,,
58,82,800203740775494208142289794543520963941115012623,9,15.620690,-66.379310,29,52.172414,-29.827586,60,108.827586,26.827586,29,52.172414,-29.827586,9,15.620690,-66.379310,9,15.620690,-66.379310,21,37.551724,-44.448276,31,55.827586,-26.172414,77,139.896552,57.896552,42,81.481481,-0.518519,58,112.888889,30.888889,1385625804643204642396819398204627605815815986091970887669247132063082024568938183811126239536562729202449342320842016968924861622486822338269924112212169,482312794879251398153688413965690399422358983401351010072363405978811796459494618685203020719338630937681261389878083187060738466171045795851692989745873428232955565081633452744953368339192803572338543741289713697032125952284431,4165334592855907797906084203291734867988494365777167729443226042630368219500809407924421309911774617118024242400437061140029733052896072606391954808474,66.280952,-15.719048,-15.719048
42,83,816285847428956852616596090519147176822436113955,81,147.206897,64.206897,13,22.931034,-60.068966,76,138.068966,55.068966,13,22.931034,-60.068966,81,147.206897,64.206897,81,147.206897,64.206897,82,149.034483,66.034483,27,48.517241,-34.482759,34,61.310345,-21.689655,71,138.407407,55.407407,42,81.481481,-1.518519,338682540432861131907699746547264614353313680412492472665890380554548138737670119954484752934754118511400203250905461427642000933491876245527529471709241,1259877698243921320662995478479675209001597368837731710772891077714364382673315958970081476541880676423509326566218280574085682399420334748936815314620630433143884867727469339360750814836313008658136980286161227451305110238340025631,10880516160838920706647099706630090307687052364929164669841742734881061158031902802490662044979475732491509308939431267520807896237279713237422198972545530,85.260314,2.260314,2.260314
5,84,819909130476456583353010126295286803050480151528,23,41.206897,-42.793103,18,32.068966,-51.931034,71,128.931034,44.931034,18,32.068966,-51.931034,23,41.206897,-42.793103,23,41.206897,-42.793103,47,85.068966,1.068966,35,63.137931,-20.862069,20,35.724138,-48.275862,28,54.000000,-30.000000,5,8.851852,-75.148148,513923928614306355838582858132076059788197557483535024209048550591192412113674593755515872443285544762585200801946278676806097174696780291913432570045584,13910364327697253738747815623133682304326542571893779145367098664006740386755931835431108098771787958740168190366482221517451335836133291611723601201453878753944307593213455951927991994446321417954468999626983508829720718300342132,120132250996766497446347109772568784890288702117615754311786645439807214829627930305737424203399604247741097736638771827326864375711373470297440017186396,68.331750,-15.668250,-15.668250
104,85,839269988465227902645155451955075822947608710772,,,,,,,,,,,,,,,,,,,,,,,,,,,,,,,,,,,,,,,
40,86,854237606288993386296614577933893851507448784938,65,117.965517,31.965517,47,85.068966,-0.931034,42,75.931034,-10.068966,47,85.068966,-0.931034,65,117.965517,31.965517,65,117.965517,31.965517,75,136.241379,50.241379,40,72.275862,-13.724138,60,108.827586,22.827586,7,12.777778,-73.222222,40,77.555556,-8.444444,3127059014225717282768859506150241391115286668794438490887817127605390455802462392343539668150254187841653958906712981092866282985821510380700146311926001,400284428364855236846220257087936770376045982086661596879954122757049990278175384963921355547905057626924460073195246172528667773947075229476881723793181985436838076472841206752663357960508382131893855334488140833035680878520132423,3456923793338517576463313505438837781901569322638149872471331702386159178127223268831783795073441265073967553773309020678553863641628826100154063226662794,87.370279,1.370279,1.370279
4,87,858196129710125108969461473765761556086357262631,20,35.724138,-51.275862,31,55.827586,-31.172414,58,105.172414,18.172414,31,55.827586,-31.172414,20,35.724138,-51.275862,20,35.724138,-51.275862,62,112.482759,25.482759,70,127.103448,40.103448,69,125.275862,38.275862,13,24.555556,-62.444444,4,6.888889,-80.111111,1743061940234873109382772156275825786089950698559544512203035398637906395081499309756916256623618696769327785164527803105668030913613040121012995571599376,9612046276567924835840949899307270145614522393039938532752059805724001538722977930466234410450600277628940076065330387444590691237726369600589820043462760609600811665867699831069468245742071177771787132523611834398476401338121736,83011251803808551898679884434152710234445582922264825846319326773505321679895460450081089445212101436830949254801064806745670162317579363526980701475720,70.104314,-16.895686,-16.895686
14,88,867613985313550977083702122789251856133557384789,74,134.413793,46.413793,45,81.413793,-6.586207,44,79.586207,-8.413793,45,81.413793,-6.586207,74,134.413793,46.413793,74,134.413793,46.413793,70,127.103448,39.103448,58,105.172414,17.172414,41,74.103448,-13.896552,58,112.888889,24.888889,14,26.518519,-61.481481,2968714081565327418082285623318845849623809948085496747137230622935544395291675576222597075538998374922568711387156781482734436051608225318983663405390601,548220267582129359880772612661207213885000151221578594779327523648182957226787240166661991396528235277640924289830707348094346603136923977156302624220715445141766212365969796525082396079338989387951247102247860674738316498927044304,4734522636158247915545606772270631406170495554158925425956315631505318901173691112134786913020283016275712150568166649856139935262628901555059887055023081,89.742700,1.742700,1.742700
91,89,876173116364988917333744521276841586208609565994,,,,,,,,,,,,,,,,,,,,,,,,,,,,,,,,,,,,,,,
46,90,879209874213525173498478046090602189831574216108,87,158.172414,68.172414,59,107.000000,17.000000,30,54.000000,-36.000000,59,107.000000,17.000000,87,158.172414,68.172414,87,158.172414,68.172414,64,116.137931,26.137931,79,143.551724,53.551724,43,77.758621,-12.241379,17,32.407407,-57.592593,46,89.333333,-0.666667,5238546294479848060115498555229191128988481501576018002431257793194218083377349346930440738307046678418531044622187460075810785446377671552422684247643409,1504449552609608605654178133199060978123343586294387446721325240342308725287331750636079103255036926621800879567874201018808523025106393275709315299644209006082622825061118069385754907550500096940269733119760565609170629512982198176,12992679918973007205416887541600063728829652960510878889499007978751296245440396589871289016988583173004998772226858614794564468095634213202916999009224609,96.679731,6.679731,6.679731
32,91,903500764273463988181880382493368868364757171657,4,6.482759,-84.517241,27,48.517241,-42.482759,62,112.482759,21.482759,27,48.517241,-42.482759,4,6.482759,-84.517241,4,6.482759,-84.517241,81,147.206897,56.206897,59,107.000000,16.000000,45,81.413793,-9.586207,57,110.925926,19.925926,32,61.851852,-29.148148,1303289768770498939056528702606719833811927457350155238542506308489451878788348416277163100224483856012868559558178251806028535035247986920631316005094400,86338198885520093123785273508749069899813175593000406031879552282108287649292910399205426750186620101524274600375861307758084092639521336331796469325936274978294520253591830898198257516838090716779726545266858197271814103819264,745631238318618851906581388743626283767005847648684960994671653455647818474620384962563283339279022666958432469784542230373898034627577215034070704128,64.316325,-26.683675,-26.683675
156,92,905676697066653229731511319399117054144289639268,,,,,,,,,,,,,,,,,,,,,,,,,,,,,,,,,,,,,,,
74,93,908328440664262624303717541128995615168875650877,,,,,,,,,,,,,,,,,,,,,,,,,,,,,,,,,,,,,,,
130,94,926487466391190518400652264242117545057915817845,44,79.586207,-14.413793,62,112.482759,18.482759,27,48.517241,-45.482759,62,112.482759,18.482759,44,79.586207,-14.413793,44,79.586207,-14.413793,57,103.344828,9.344828,19,33.896552,-60.103448,51,92.379310,-1.620690,45,87.370370,-6.629630,82,160.000000,66.000000,6371263935800984595732114193852595384390766631433073693434361076894085245213749825091045775172842410852463307281149559626133262782211685808003512093175625,90435991227725962195551042283629695883874247628550765046681782814639280424455312828478672380057794018579422635780110701580997466402232865035504387058146378366926297880409678548631606527777282010885906347232237510544212982671083983,781020463689683992183282654044713685825479243900364879673188496479752689338951445898886412173130302150321204356210963378659771422187459832699344905842266,83.982321,-10.017679,-10.017679
148,95,935636230466629221446171294459967126013009363610,,,,,,,,,,,,,,,,,,,,,,,,,,,,,,,,,,,,,,,
139,96,938363666624600682979641767079516724657689148298,,,,,,,,,,,,,,,,,,,,,,,,,,,,,,,,,,,,,,,
127,97,944994832736966999835889032287279178151625740330,,,,,,,,,,,,,,,,,,,,,,,,,,,,,,,,,,,,,,,
121,98,952788320678754687145336870748779855709032259951,,,,,,,,,,,,,,,,,,,,,,,,,,,,,,,,,,,,,,,
18,99,988336026286508223333488648011074333196565168020,5,8.310345,-90.689655,53,96.034483,-2.965517,36,64.965517,-34.034483,53,96.034483,-2.965517,5,8.310345,-90.689655,5,8.310345,-90.689655,5,8.310345,-90.689655,85,154.517241,55.517241,68,123.448276,24.448276,67,130.555556,31.555556,18,34.370370,-64.629630,3815536175120734934829536893436303541290620940611309796059593849848190182724860254232804366299955911759640999311596362712501485745584141336822586721623616,198330864986118136226108202130490248828783951593167923417012860058969750161928419478922995945987606353247354881662227216637067590807726685701212283048832594695219514804141019343997672763626005520246624892693353206741105210012632,1712818779697795243837287081986698883385788780968986624373882084975659316949023724394726796779407086832959191369400071374638809482935886070621523846632,70.029977,-28.970023,-28.970023
119,100,995684081106651601129030835393177843554382293123,,,,,,,,,,,,,,,,,,,,,,,,,,,,,,,,,,,,,,,
109,101,997303271905635174305513760324211818079677078208,,,,,,,,,,,,,,,,,,,,,,,,,,,,,,,,,,,,,,,
59,102,1012249212207301635546491536645835287862862479888,30,54.000000,-48.000000,8,13.793103,-88.206897,81,147.206897,45.206897,8,13.793103,-88.206897,30,54.000000,-48.000000,30,54.000000,-48.000000,53,96.034483,-5.965517,11,19.275862,-82.724138,17,30.241379,-71.758621,61,118.777778,16.777778,59,114.851852,12.851852,34424027972421188770247991506392720278960884641876643383132285564346699201032814862054607897011434758332394668240224274516529030295783229082127081282064,25589805485276719942496627803727383374404742179867940994588590072554069654220543015177451875259991780851974265313985664627527127248853665883804586410820631420777032582085390161064222591839608029607826294491807661245013594809811460,220997873462930143833697357086224799337545097882782699147259261689503644297249491699119636755921336857273701875546245572590805098335164104989458984162892,68.421865,-33.578135,-33.578135
108,103,1012783143361383820121472247257182708418147555851,,,,,,,,,,,,,,,,,,,,,,,,,,,,,,,,,,,,,,,
38,104,1013722433278159602814047952734852660778642936676,76,138.068966,34.068966,20,35.724138,-68.275862,69,125.275862,21.275862,20,35.724138,-68.275862,76,138.068966,34.068966,76,138.068966,34.068966,88,160.000000,56.000000,66,119.793103,15.793103,50,90.551724,-13.448276,55,107.000000,3.000000,38,73.629630,-30.370370,635511723462684703441537627528280297044166829622894703928173187460817828615685054772336195516725596208113695420541540866801445653632645611774214667416961,658849189616702981045617598572698305436352939960790379490637651394564488458542530147432911308558234819923690967077944403766187454391944611666273725708364517685506220637554192131156235301184777834404140828510931261548917425884475871,5689932653917227552580374743842332320729074373382202816331920330649441261057418326937871978566547525597237491643431359168329522273929040480180562508397570,85.166255,-18.833745,-18.833745
17,105,1041817548089532888577328303730085035514779282770,29,52.172414,-52.827586,22,39.379310,-65.620690,67,121.620690,16.620690,22,39.379310,-65.620690,29,52.172414,-52.827586,29,52.172414,-52.827586,33,59.482759,-45.517241,88,160.000000,55.000000,42,75.931034,-29.068966,8,14.740741,-90.259259,17,32.407407,-72.592593,670384522919236150181959112075381809204445074719160615282074883927807244676154763366544313655300247551212826009530757883041676163394666066636451334164129,23591566277285873848643024689971192640000695675646368001054082056029704241811157292671120096120228803902780846208600387281241478386993875852333346655805950509797951013778868707659177275042715288197857630699505358353152064111795298,203740742849322771116683275198658720157146163242713454739140777053351732827085117477815413635612885668347624578253011326283791794215041842890752723822863,71.021848,-33.978152,-33.978152
20,106,1056336440057890977469245144395901775033009645672,25,44.862069,-61.137931,52,94.206897,-11.793103,37,66.793103,-39.206897,52,94.206897,-11.793103,25,44.862069,-61.137931,25,44.862069,-61.137931,18,32.068966,-73.931034,29,52.172414,-53.827586,22,39.379310,-66.620690,20,38.296296,-67.703704,20,38.296296,-67.703704,3784483984472220267846077873914248172064849337364712267077183611042115687392455570913546761182628671810586510970340987821247894293039288635848480617066081,20279413051941023935019941967984421086324976003167282406937379644590835763441612673526471481903576436979974281535247606157538426763293770587976463357180941426797482846742313797273431699304940751418686841579940167016778344701880263,175136429314944934190867250658607007723026086090955378712427413266565063060863919351410852724710777574454236154898099817612809766129363000006383306024314,76.017919,-29.982081,-29.982081
129,107,1063570561959636648875216504076504099123703971608,,,,,,,,,,,,,,,,,,,,,,,,,,,,,,,,,,,,,,,
75,108,1066857462653252525599924701941488823087534958031,49,88.724138,-19.275862,57,103.344828,-4.655172,32,57.655172,-50.344828,57,103.344828,-4.655172,49,88.724138,-19.275862,49,88.724138,-19.275862,13,22.931034,-85.068966,47,85.068966,-22.931034,85,154.517241,46.517241,35,67.740741,-40.259259,71,138.407407,30.407407,4920453130960096213407941911884116982191469549878295923434813406183967931665370722736374978730857165567067743316454746864082787044817247468177730132412361,138616409258115072807844164988771637130118376372033466653428104639193792330138752443444246615067787139995000056127982177201647588197482027387707793471787006157059801394183848742325778107099975762165414878109428316050488820055919604,1197114674855035845199423249206021391389212879815269955989657432221181530091336144801666313380518191307376042698185301646213372485191977129242157752126661,84.492062,-23.507938,-23.507938
72,109,1093005858046150051368141111734855986006492269275,,,,,,,,,,,,,,,,,,,,,,,,,,,,,,,,,,,,,,,
26,110,1095673872063665820899832388566612622792828680495,37,66.793103,-43.206897,6,10.137931,-99.862069,83,150.862069,40.862069,6,10.137931,-99.862069,37,66.793103,-43.206897,37,66.793103,-43.206897,23,41.206897,-68.793103,49,88.724138,-21.275862,75,136.241379,26.241379,82,160.000000,50.000000,26,50.074074,-59.925926,11281432291387235651285533871087882054807215994249895991534388324222353484315954786070778220839739116700962176253684942934840119474659806624664793132900,44439127148015419017105076803990275588602459273680372608470554724428187190652236283786227017359688729737268403353732547408130872026400074634556667322388658829535813576979995489010528769181838545383049844850131629108327554113411382,383783792491534629086662646723628639180431441356589618146500159973169681554037013087519885792135476474297922984756463448517013353649049478177577704670414,70.174707,-39.825293,-39.825293
99,111,1096749620075145683719283127975893793710808034267,,,,,,,,,,,,,,,,,,,,,,,,,,,,,,,,,,,,,,,
86,112,1130404035005701164489139510070989989531325379893,,,,,,,,,,,,,,,,,,,,,,,,,,,,,,,,,,,,,,,
94,113,1133646709321770327049680273413667912039994763612,,,,,,,,,,,,,,,,,,,,,,,,,,,,,,,,,,,,,,,
100,114,1139828915410140602940027378257050630209464810606,78,141.724138,27.724138,50,90.551724,-23.448276,39,70.448276,-43.551724,50,90.551724,-23.448276,78,141.724138,27.724138,78,141.724138,27.724138,34,61.310345,-52.689655,56,101.517241,-12.482759,11,19.275862,-94.724138,76,148.222222,34.222222,76,148.222222,34.222222,3747042537307575289021438029464714699283737107272118593982702222415528798612734525343707300830289893478256301745669492438420574394787068923920745457683929,857286251851233786459922653164321446529592656068839456298457906155885737413059611214297962730236596710309239526691282349283289551962430160382614680053965633521093243140475609187142993638660274149887849800246272874933877941671231886,7403668570952401843483728256095318265639563877267786467150245668443430762151644747343727374624760797132244759199951058879656530399771358277346351897403739,92.021061,-21.978939,-21.978939
117,115,1150352368948456217336505911164296121198948000180,,,,,,,,,,,,,,,,,,,,,,,,,,,,,,,,,,,,,,,
54,116,1161210102483809148056434056724088437972988960914,35,63.137931,-52.862069,1,1.000000,-115.000000,88,160.000000,44.000000,1,1.000000,-115.000000,35,63.137931,-52.862069,35,63.137931,-52.862069,14,24.758621,-91.241379,75,136.241379,20.241379,35,63.137931,-52.862069,3,4.925926,-111.074074,54,105.037037,-10.962963,28474200868176358929308928985199878075547392212342228840799070873896382144078408668879836002838956267935440560142189828319657776152414864279985425449,38970398162849180528117657094264527607422676004454419199002878885663273816488793186481310562324642552813841399854511391218946788677024599162539488333914453893615892448300476259060707117027959470342085518949975233800237543042145183,336554927193508406740095269248585408353276154859278508310183126445531478638987643803547880906186241510628740684935774614167906168855003669084831206464618,68.515924,-47.484076,-47.484076
85,117,1170426901241854241709081193811880349368293442177,18,32.068966,-84.931034,9,15.620690,-101.379310,80,145.379310,28.379310,9,15.620690,-101.379310,18,32.068966,-84.931034,18,32.068966,-84.931034,4,6.482759,-110.517241,81,147.206897,30.206897,29,52.172414,-64.827586,62,120.740741,3.740741,73,142.333333,25.333333,40160916976948785501688707144147817576550388809952151001265336396261371775599044934261782981926705893222798507527989603351766870259242512331423719899881,6742411859119308615405289266339839074984172515367718760506198765768343488339069009095261800784209282397196005513200089099116557067019215902835254054265956088244102287778544383881969231921214646702691364588270960307218307917245999,58228605283222047619938767056622610054955593703034527650138390170379081640467753223948126741897440136647916106093094621105403924771665107537256432613786,64.912236,-52.087764,-52.087764
60,118,1175893709364434667313789655986219198424304564677,33,59.482759,-58.517241,72,130.758621,12.758621,17,30.241379,-87.758621,72,130.758621,12.758621,33,59.482759,-58.517241,33,59.482759,-58.517241,77,139.896552,21.896552,67,121.620690,3.620690,61,110.655172,-7.344828,1,1.000000,-117.000000,60,116.814815,-1.185185,8900848781697772965831913926689789281296450930839929995903878085419443779854238170195590540879637118223465200960881258160783998014110671546591537497332961,35861591557745990672918296863762947086813133585648831820683567643533321868250342093676211747211309309486063771135513857439827132488285938580486048443677373785175099556733032001646859154009723185556787706120654783155168816938935196,309706749346646325907209964094664195330074894378624737321813472725274724960407596060864696892081085818656633530112293476797409914853169519318009191169845,82.653050,-35.346950,-35.346950
132,119,1180629034164786474574547110528494792899753988461,,,,,,,,,,,,,,,,,,,,,,,,,,,,,,,,,,,,,,,
90,120,1189865853444424610515023763315667935443520350027,40,72.275862,-47.724138,60,108.827586,-11.172414,29,52.172414,-67.827586,60,108.827586,-11.172414,40,72.275862,-47.724138,40,72.275862,-47.724138,2,2.827586,-117.172414,80,145.379310,25.379310,67,121.620690,1.620690,39,75.592593,-44.407407,74,144.296296,24.296296,5793984638895776807490946460804779370118937772473037908947867818964238803507849318287726656403873538291746905541131999559675298493736633092104766675337769,72579728912414988649305450258930779103458880535262711326865155699285740180483367001747914675534527415350693614895681751989883356516714774389109872428063236172205141987971578717462183891215592626451500056337498796551939730757078132,626810772570677439391589657030517061849684100355208294328058581030479419283214654158619948688752492373036081360907849197661291632431725776649815593844901,82.327483,-37.672517,-37.672517
23,121,1191208063599878572513231033350390464373258344350,85,154.517241,33.517241,55,99.689655,-21.310345,34,61.310345,-59.689655,55,99.689655,-21.310345,85,154.517241,33.517241,85,154.517241,33.517241,1,1.000000,-120.000000,53,96.034483,-24.965517,57,103.344828,-17.655172,73,142.333333,21.333333,23,44.185185,-76.814815,4677207951171311818599767038150504206097549733781488360965251156807679295041640112732436365125443844413926769633580992749201437168801460684385664934820225,1414077515670128057782443039447297587935482528102204478772229045626057157346762044911410988098647892571174405573847839611211558668282322164601483125829156323879741871727779259815259196864679955653450311556903534825240629316797947898,12212211775296431706678685958795932363070062047226553067082907273629081183044340502995409217312012023184938689463682353688757195478212374580922429075789271,95.228789,-25.771211,-25.771211
41,122,1195101003418270651936726151754778726502137799465,72,130.758621,8.758621,56,101.517241,-20.482759,33,59.482759,-62.517241,56,101.517241,-20.482759,72,130.758621,8.758621,72,130.758621,8.758621,50,90.551724,-31.448276,77,139.896552,17.896552,70,127.103448,5.103448,37,71.666667,-50.333333,41,79.518519,-42.481481,4876680777343658686670452622776014765014745609505341084807321321606225964236838640546424611440020070120789069575984963176855039361916523876258613223464921,533792771540725506053636718376973861914957854822037877672070390775290902569459395273557957579139363724227113999828019115695461810399909724670519559694168356562275255266031325153734062146586202203799193443703064214492904024981322938,4609924348516726375608985894921930665580947693110477667724630379447626930231492813843065967598997025787075412670285276982730612379826235094963945838437359,91.409371,-30.590629,-30.590629
30,123,1208082155364218401054824993407966429168167979528,6,10.137931,-112.862069,63,114.310345,-8.689655,26,46.689655,-76.310345,63,114.310345,-8.689655,6,10.137931,-112.862069,6,10.137931,-112.862069,66,119.793103,-3.206897,2,2.827586,-120.172414,32,57.655172,-65.344828,50,97.185185,-25.814815,30,57.925926,-65.074074,6394388705333215050718798646299972632768648987514690645465746726230498040111935727161966358549033827085596260163327411186735182781608761859063765148846761,210756533909777640087837313120607300288794970241997532494171572692933833239597467773123068536551951946677090857134996693785212960022245460418592414816792760919781832573593432010090336900139956466818548641726565210415983031635370,1820128950932317684261522954052756621961399477143920213883245737341558538486484111820753399691846804956287480724631266695629935650838788677709568161743,72.418176,-50.581824,-50.581824
10,124,1229988549367758195482375056171272785889114114363,69,125.275862,1.275862,77,139.896552,15.896552,12,21.103448,-102.896552,77,139.896552,15.896552,69,125.275862,1.275862,69,125.275862,1.275862,56,101.517241,-22.482759,41,74.103448,-49.896552,24,43.034483,-80.965517,51,99.148148,-24.851852,10,18.666667,-105.333333,9325771942303495898240491515694426133470083841295258701802796975063983344604113796491798087120763574759139693051526415062268806807637323933595709988230009,435991190226406109369136820663718804170450589441397523189041825709956031207102841123979288880889904309067005919319716228137092291688577206721541482160341209816691133221959471061626788496474761175655435096987077979293157786099246044,3765293407331488797026312896714295043130837050044634166184872607764236527235615479342364596103683926483021230508143112119384760066290405005258098907602445,94.844663,-29.155337,-29.155337
31,125,1233275022303565415848271542199699492273185697565,56,101.517241,-23.482759,24,43.034483,-81.965517,65,117.965517,-7.034483,24,43.034483,-81.965517,56,101.517241,-23.482759,56,101.517241,-23.482759,39,70.448276,-54.551724,51,92.379310,-32.620690,63,114.310345,-10.689655,11,20.629630,-104.370370,31,59.888889,-65.111111,957722502222568558353919776977133692873475783695046640263780672119919534016918410902144807182203601027327949974912707874539659808453882737055178278087201,232060981767302585984425000682067455242605012895007987898265570509356592708961805154796403710700847666343639403205301807929786579116207462405314840876764251075299038957980166440025027410288017462096573696334110411973390725371968007,2004117753603123832738676833230240699476902585802770380404728228788736389935604007974028547390281612420631662075460740211911347999114602784580142198707962,79.801836,-45.198164,-45.198164
152,126,1246495754168834689999408182028413167603600178283,,,,,,,,,,,,,,,,,,,,,,,,,,,,,,,,,,,,,,,
55,127,1252138907939822495094648120141872428436175794082,55,99.689655,-27.310345,10,17.448276,-109.551724,79,143.551724,16.551724,10,17.448276,-109.551724,55,99.689655,-27.310345,55,99.689655,-27.310345,74,134.413793,7.413793,26,46.689655,-80.310345,33,59.482759,-67.517241,2,2.962963,-124.037037,55,107.000000,-20.000000,44228002454899761692813517765179800459893680544346318835373433960751252824427980204051079250977139922267831245971604549942949325106660505007414199367441,220849385718138908998418235072041548090462605245865719878996723963719962031119482901856749734782088143263999223046010427122368188071854399257587459471613136920450164583924025902687545425095797869076846728691365567354852501855064386,1907292520350915376515101662996555041353132217905958722605873864680719246883968221388984687546166076155843107156731659019858676685740305706537752591194015,76.582275,-50.417725,-50.417725
146,128,1259722750988045022971776140380247639579009185135,,,,,,,,,,,,,,,,,,,,,,,,,,,,,,,,,,,,,,,
8,129,1261138775692712149696202787394399959843747338005,2,2.827586,-126.172414,74,134.413793,5.413793,15,26.586207,-102.413793,74,134.413793,5.413793,2,2.827586,-126.172414,2,2.827586,-126.172414,36,64.965517,-64.034483,4,6.482759,-122.517241,64,116.137931,-12.862069,26,50.074074,-78.925926,8,14.740741,-114.259259,9115144104286389086903087369843245463862455962823259207242975433478656497483324499300550213969612368527405550078887873695357665289467106605506980172147601,61705773255285946138695169931418858248633031722808632801328806486341905978868319678454715310234941596876494862475233322224059673559638650617865439584180362639435382488821475649240852461401154809670611383366943668453774665224007,532901458655088254215693546185659114536359716194644217920152136694156177211216588751894991634496705386270657838804399313498087296675690842370255109162,73.465269,-55.534731,-55.534731
50,130,1267576749599505555747068797843308804122053405255,83,150.862069,20.862069,83,150.862069,20.862069,6,10.137931,-119.862069,83,150.862069,20.862069,83,150.862069,20.862069,83,150.862069,20.862069,25,44.862069,-85.137931,43,77.758621,-52.241379,13,22.931034,-107.068966,75,146.259259,16.259259,50,97.185185,-32.814815,11321607243096445627207272455438010080767332862309070598520044777025662268786233158259998108931390475154678278169326503751521426632140464065054469413735961,1351464805217163935701008446150527229356850615232038372209591007569815950558599846097719263617523341656520973742447152618213575375298047601802348587327005401746796438669213491844514298934483488482973971919203433479246336455062174175,11671477854133309715032665060910230361052945269175971290696367262740964313676821408003159584453742405111633817840139288769620582134254030639867635432759578,100.428756,-29.571244,-29.571244
150,131,1281942764983261244214484649062667597825970945828,11,19.275862,-111.724138,87,158.172414,27.172414,2,2.827586,-128.172414,87,158.172414,27.172414,11,19.275862,-111.724138,11,19.275862,-111.724138,87,158.172414,27.172414,32,57.655172,-73.344828,66,119.793103,-11.206897,,,,,,,12699212093263211602194602236868562353627645542105564467208074105237255457475183629009846513312369575877194255288319982277739548644322899689944528569377489,682870906124483772071893979929677514198197740620224738064286425363093655391657952097785756852735641225231668831866345627838308065700590240680609953870513151850084034760171221898145981091165400956490905084370207221207150471828384,5897388246661117154891243508567788648901648479164413112144641923185050596686277104659028366958945185941128645850767548974689663096225898138635357965665,78.955303,-52.044697,-52.044697
68,132,1282931445580409769159733555426437642907293617404,16,28.413793,-103.586207,11,19.275862,-112.724138,78,141.724138,9.724138,11,19.275862,-112.724138,16,28.413793,-103.586207,16,28.413793,-103.586207,32,57.655172,-74.344828,13,22.931034,-109.068966,16,28.413793,-103.586207,4,6.888889,-125.111111,68,132.518519,0.518519,49639373443156328877254688855338933878692411887993688483211534268146490346534834373200567417691811001416608637853502491726834216090076396251282258177721,2997068986415566385133174067536831546721460365620882142313007167314312583289370280201594686913012585610384520725046027569568003802210356064026698144537145251401166250751607770846249858665064275638969008127820875336817485881690858,25883192937930893635481208816652498618009026258382607800015618579950041408310262225103737029088385113431208228202511636857380175079859121382764569949599,64.708340,-67.291660,-67.291660
128,133,1287041454390570401909108137986760307387172979986,,,,,,,,,,,,,,,,,,,,,,,,,,,,,,,,,,,,,,,
7,134,1290793487127550014383702103624146352199914137971,62,112.482759,-21.517241,66,119.793103,-14.206897,23,41.206897,-92.793103,66,119.793103,-14.206897,62,112.482759,-21.517241,62,112.482759,-21.517241,69,125.275862,-8.724138,9,15.620690,-118.379310,9,15.620690,-118.379310,52,101.111111,-32.888889,7,12.777778,-121.222222,7360357874359154399368062306183383771804456861725714507231028867863402930927147599089486318800453669927474615112111695602890406408041222496745039397388544,314304080761301209296742320682131226343685852861972003873258356034506756887375128057171293847197314790470131165795984215411971028741035972050147595724571816976649322005186762210806651944125622651927708347513728833464946401733480578,2714383019008614295776902468124721140727383348522496538294879621179763569991437978094875035098180371946861757310918264353902455201449208577992461842226718,90.389889,-43.610111,-43.610111
122,135,1292455558285977878397685231656496098540043516304,,,,,,,,,,,,,,,,,,,,,,,,,,,,,,,,,,,,,,,
62,136,1292512762774665325481363539472456428946164135801,17,30.241379,-105.758621,23,41.206897,-94.793103,66,119.793103,-16.206897,23,41.206897,-94.793103,17,30.241379,-105.758621,17,30.241379,-105.758621,48,86.896552,-49.103448,73,132.586207,-3.413793,71,128.931034,-7.068966,78,152.148148,16.148148,62,120.740741,-15.259259,765961800259079544915478491879286738135625305898481225766975171956665079264524157518502113028426253091141388469279355816207460275965387137932508272356249,4002717686678565696574603549466543313159625739732999821940115854662895963845971601355029065766290117777552248769947994705814271639321847336505723181945714804176427481061236678415118280979098193840155451844543422337345508338752007,34568144620613806633704944452757570574484592354380465330423794015969339423754298237674371314886491699530910195072214102768462063957317383125492435982066,67.512220,-68.487780,-68.487780
116,137,1301371289998734707195777132789338995863771977936,,,,,,,,,,,,,,,,,,,,,,,,,,,,,,,,,,,,,,,
160,138,1326093679998364004747100419105194353286137352850,79,143.551724,5.551724,68,123.448276,-14.551724,21,37.551724,-100.448276,68,123.448276,-14.551724,79,143.551724,5.551724,79,143.551724,5.551724,40,72.275862,-65.724138,30,54.000000,-84.000000,62,112.482759,-25.517241,,,,,,,7767394555445100793128954873581962575652477694468184558149096015095665304986580272873007110445103297523368529591440846133461942173989415910866306139297316,1049271517878156880793004972577265597332521478963124306910630466409530794307253984178775926002486280134251331977925424642951867405020291758364410701455318442165336474090779717162022026920058983918362928810871484684261888832026113778,9061685688455556830696004335943712189741009992203280294439444855031477826764530480378175430984081694631155280889311556180285842957326929025350919951241874,96.071986,-41.928014,-41.928014
115,139,1336242137349918844473431344447377884268099680676,32,57.655172,-81.344828,39,70.448276,-68.551724,50,90.551724,-48.448276,39,70.448276,-68.551724,32,57.655172,-81.344828,32,57.655172,-81.344828,55,99.689655,-39.310345,5,8.310345,-130.689655,1,1.000000,-138.000000,47,91.296296,-47.703704,79,154.111111,15.111111,2167903966116653406430150068741431094440701433273026749118537565711174634022308453755221827245063612073572990696099697273335310658548020653022333455740816,35739597037669312914147083210086286785221797518519143608721186609883197898735972042627236178092847350726776829532914325045840006364083580784750236066979714373113682116402699549958904250029328096265416327282461331945038237151015924,308653184108466283531294303687339108565315488920694128625474788890470600022413440331705937536870598556326437213706751575569870379261004238101822433719516,75.484511,-63.515489,-63.515489
19,140,1347230398123039564363063653660119426004095827438,54,97.862069,-42.137931,25,44.862069,-95.137931,64,116.137931,-23.862069,25,44.862069,-95.137931,54,97.862069,-42.137931,54,97.862069,-42.137931,17,30.241379,-109.758621,55,99.689655,-40.310345,79,143.551724,3.551724,32,61.851852,-78.148148,19,36.333333,-103.666667,988010604404436902757915914926592611520315681102588920488047673636196496676173516442940476457325367212529133413935781066436913292867619753943156029980129,219673679745053772560799974829024837828044138703096272842310947841829062011504024477700507466046087281215104099591086813210793939126161317577061405701201633702937221864505251597634838479247707101263447510944321985992350762322904848,1897138925396120805764465602795275778459670212065921906899854906981768180207120429253430302740555899987745304104882624586698680254370120581461339248083713,79.390099,-60.609901,-60.609901
113,141,1355332279089949263476438639467295913611054365944,,,,,,,,,,,,,,,,,,,,,,,,,,,,,,,,,,,,,,,
144,142,1356042981444954487144674343392623771199648613276,,,,,,,,,,,,,,,,,,,,,,,,,,,,,,,,,,,,,,,
154,143,1357733658768552504317143994163865270367025296107,,,,,,,,,,,,,,,,,,,,,,,,,,,,,,,,,,,,,,,
63,144,1366426566587427457437295346366762454786099365134,45,81.413793,-62.586207,30,54.000000,-90.000000,59,107.000000,-37.000000,30,54.000000,-90.000000,45,81.413793,-62.586207,45,81.413793,-62.586207,76,138.068966,-5.931034,8,13.793103,-130.206897,12,21.103448,-122.896552,10,18.666667,-125.333333,63,122.703704,-21.296296,1661106985788512712644766316925385697342387476729834208075369481964047890508664739814355606759464785473269668420227753755075096534480547040568875878728025,97977667939841254595806612579372710853552028147686995182910937509555273239006283258521024048983325268008050806180366193185621661229220786008934743027244241909244436331086752398607438728973263696880420827963922932231410294377391920,846151654963542138776860986790273185291633155293503684040756901265285405106341208477127893973987190310981036333608088822964619465430159793496497355816665,77.641201,-66.358799,-66.358799
51,145,1366681117329306577623591532425577331157813615591,59,107.000000,-38.000000,48,86.896552,-58.103448,41,74.103448,-70.896552,48,86.896552,-58.103448,59,107.000000,-38.000000,59,107.000000,-38.000000,85,154.517241,9.517241,39,70.448276,-74.551724,49,88.724138,-56.275862,43,83.444444,-61.555556,51,99.148148,-45.851852,3407388100522643904073257298350991461049484439714112837448226573095152880534201360682648012709018425623516235892372802101998823955445005638046480340328464,256233415151634037897238260529637943032340541455998583944852802147009741316450524508629589191180575637462706605086912334607551437587745341639276816937034693698762354598467866956415016741189945564430151998562142660050358856093971382,2212874962697002303861269039030939243679287209122986156230855438060305377929380020060745755515880030547063025700639753653370891981006525679916005553987386,85.719385,-59.280615,-59.280615
45,146,1370924023442753987668790675498329316655952430931,48,86.896552,-59.103448,61,110.655172,-35.344828,28,50.344828,-95.655172,61,110.655172,-35.344828,48,86.896552,-59.103448,48,86.896552,-59.103448,72,130.758621,-15.241379,57,103.344828,-42.655172,86,156.344828,10.344828,30,57.925926,-88.074074,45,87.370370,-58.629630,5954629467388920776372762423179323654873542683720041940768245093195045890897156180598854788699262367068155990060604813929877162677891660690240427777174884,125846569725419096186349248038336328092148044556381989501009824039179652166092397485480365081319871421869186323868994426963171501343250747473239915539182184557802847038991944450162014249989922974962892459741974137143823559797586095,1086832188229164914814944412304190353010183156228982222686728702625659259735911199466975048845281496799741338783907433831134209132165197059542253885247397,85.013637,-60.986363,-60.986363
118,147,1396670736267443564335776329761702932137736452276,,,,,,,,,,,,,,,,,,,,,,,,,,,,,,,,,,,,,,,
34,148,1409195019480180817027142177057793077195655027706,26,46.689655,-101.310345,71,128.931034,-19.068966,18,32.068966,-115.931034,71,128.931034,-19.068966,26,46.689655,-101.310345,26,46.689655,-101.310345,8,13.793103,-134.206897,24,43.034483,-104.965517,23,41.206897,-106.793103,25,48.111111,-99.888889,34,65.777778,-82.222222,8182614748107114126027017003497052459147094028563888301611188856360909282902036506169685251355514723029349901586146425698379581955282916186109372456895129,20865763574705709497891013003433845115578851348494502673225601582704805455451972225966451317479223883765930735894524543776070389744365976514554245497615874296142043313488724578560714059476325874615551802079184927510562339301789703,180200251261908500968864472162079010406625440312349115243924417665068797509320735096125073627040835464554146857439288060041082047499386514461620314253298,80.276685,-67.723315,-67.723315
35,149,1409246647413634000669501988133766625975765229349,84,152.689655,3.689655,54,97.862069,-51.137931,35,63.137931,-85.862069,54,97.862069,-51.137931,84,152.689655,3.689655,84,152.689655,3.689655,29,52.172414,-96.827586,86,156.344828,7.344828,53,96.034483,-52.965517,60,116.814815,-32.185185,35,67.740741,-81.259259,4234536886502129730457639512405453503725016108853062657983845564634290356265187962262029127714715654656973758759325218139193225987852837720770322361615684,1388656409461559564878564371478633495533947337733346349063300789742322382151601273618423084097698200181803103665915806181919209984685561110140345805070894314968650415706583136921285571378030460135889180321599515477840795357782864300,11992670817222276329845693454112420580977929584258531775204525724337247579102757576586462683467176728858409819060700209026030988423495169652660815881975832,94.711159,-54.288841,-54.288841
71,150,1409881258637808013424319364921988958402444830136,,,,,,,,,,,,,,,,,,,,,,,,,,,,,,,,,,,,,,,
125,151,1410289573493889363768636573386390669777117011912,22,39.379310,-111.620690,14,24.758621,-126.241379,75,136.241379,-14.758621,14,24.758621,-126.241379,22,39.379310,-111.620690,22,39.379310,-111.620690,10,17.448276,-133.551724,72,130.758621,-20.241379,37,66.793103,-84.206897,79,154.111111,3.111111,81,158.037037,7.037037,362786100242777489934250654827753808340348977837346213300274706437366375957867273074109782037856456046385514745011502896679286771338201937449366106657856,12595565309288768169863538024119507225143923778307326748385717888909656331137072705398600356594055041035614479104603105101335684393163482838031219478838653498127165963169719905008879322850501651952318535303886830419687939828042431,108777425057718092530425492571730224559375880424560118699903001848065017759721879688050681851906870763391031021548902580156430567450063464664626100111025,67.190597,-83.809403,-83.809403
102,152,1411090903941230486923712595932755793497895330102,,,,,,,,,,,,,,,,,,,,,,,,,,,,,,,,,,,,,,,
47,153,1416721772705832183653630092736940391680165218260,24,43.034483,-109.965517,67,121.620690,-31.379310,22,39.379310,-113.620690,67,121.620690,-31.379310,24,43.034483,-109.965517,24,43.034483,-109.965517,67,121.620690,-31.379310,42,75.931034,-77.068966,15,26.586207,-126.413793,15,28.481481,-124.518519,47,91.296296,-61.703704,7569191741716778615830050159110350267631701898756184709490409929835511102174387196283938958609991475721408158090981433514424464314315281805970105391736100,18123582426475237991491005935210295854874002492590502421276504465948426273976121665027893471106667845362020682733403768096640740936018184607784884914840516529401711316255015782363742996136820866515542492852200446125843281790380959,156518312657187724781183106777958939516675366497850311542556968230051775451565415031947396320976527124771203446280839849579136930392174658962361214405493,78.825743,-74.174257,-74.174257
11,154,1420258574028295142069556855955870240178449439436,58,105.172414,-48.827586,12,21.103448,-132.896552,77,139.896552,-14.103448,12,21.103448,-132.896552,58,105.172414,-48.827586,58,105.172414,-48.827586,9,15.620690,-138.379310,84,152.689655,-1.310345,14,24.758621,-129.241379,49,95.222222,-58.777778,11,20.629630,-133.370370,172845115129781363159676689714888575839884581074786089407226369039389505829382702639279091621527136542735220370905269339473237454473055828982835970626225,248639117538365716218249308033967840635227399311219829173193897773389414208970450386616382936762261045512778301504198813413269258148065220587775412391547424787836784594361577819872427278658936438194154189986905618927816819832714426,2147289328451265632806402250600546005167232613265734509531803503905094663311615629279811169581432445930662975065045032236714584349520432764155019787149127,77.927324,-76.072676,-76.072676
43,155,1422258317327597411975229754066466828059503789815,68,123.448276,-31.551724,69,125.275862,-29.724138,20,35.724138,-119.275862,69,125.275862,-29.724138,68,123.448276,-31.551724,68,123.448276,-31.551724,27,48.517241,-106.482759,25,44.862069,-110.137931,5,8.310345,-146.689655,46,89.333333,-65.666667,43,83.444444,-71.555556,8070534129847351857722574611780155011822627675610303770503446935346292381652747411344228505337842028477006967208177193707436216609529993547868855372810000,424788093155387222858014900352533819924629362157779928100542968995890538085907949593557895915366522922061509888523172718895045064400038386483023432851565178088857113097242049507122715230438871136191435271465974251355078250127777340,3668541572687084815221808796224641152174282553422925493980569013823161580328653552892474486402309168724262378085784489867509348123986171628847798363436180,92.872147,-62.127853,-62.127853
13,156,1422671866895548051598414881052213069570634322462,70,127.103448,-28.896552,17,30.241379,-125.758621,72,130.758621,-25.241379,17,30.241379,-125.758621,70,127.103448,-28.896552,70,127.103448,-28.896552,86,156.344828,0.344828,33,59.482759,-96.517241,30,54.000000,-102.000000,12,22.592593,-133.407407,13,24.555556,-131.444444,448917022252971873436375784400542618371205700012780314266588643520719699509350062109143112810245715337360843545245733825182726537426938658531281381350625,461523161385810568894785612933866206278260517615883687883973047414637731327092179209533335283223347128675058810214898811056471303286765445134737064603380698521368937495953790933241007593631183214966439622871647193210154552170557132,3985791813807915840360016306513098671011474309379442808960023017109652145330059880622179499037971411121863430783423876728327255899344208652650373162019589,82.683998,-73.316002,-73.316002
6,157,1422938361785517703193252764698103288189985535068,82,149.034483,-7.965517,81,147.206897,-9.793103,8,13.793103,-143.206897,81,147.206897,-9.793103,82,149.034483,-7.965517,82,149.034483,-7.965517,30,54.000000,-103.000000,1,1.000000,-156.000000,19,33.896552,-123.103448,65,126.629630,-30.370370,6,10.814815,-146.185185,10345298538633741789874487370077326189563880796619879121246525362374849521730807491995807951646553076496071813291966189841504121399565511403744571300369361,1325427512027359020087908119726025370415740786741731042498906582455362266376156775292281753456108867208159849338886563206644116934198024647001320914924536674052395716640584833936262752357573088319718268232291649371638186348072448007,11446615401427741773828993739978314633044131708450757516217640157081436145882214096422376355330501551600805149653042101755144341459529589701803278774217642,99.703285,-57.296715,-57.296715
87,158,1437395301641206234822689706758814716305552542558,,,,,,,,,,,,,,,,,,,,,,,,,,,,,,,,,,,,,,,
15,159,1452854965203854852784285833963984442409559974562,88,160.000000,1.000000,70,127.103448,-31.896552,19,33.896552,-125.103448,70,127.103448,-31.896552,88,160.000000,1.000000,88,160.000000,1.000000,61,110.655172,-48.344828,83,150.862069,-8.137931,28,50.344828,-108.655172,16,30.444444,-128.555556,15,28.481481,-130.518519,8107322662768678387290060864304924823021775994591930588838029940480250474384789090310230948986174886835830246251916128366061131060996528200450239305132100,1528027169435291545516105731587308750257363091349223507552227757001635001542602049509433220190699344560079732739917497824335157718349067067045852401999724337655489371040681814461078563196362439152140550603996437406519416667967626439,13196300192007035906241027280292471771521709890606712146185689858242212199788251189518417929374963811322551682777674570796714027628726073566659120216937453,99.275770,-59.724230,-59.724230
140,160,1459967559939888260982347273241848146976503119130,15,26.586207,-133.413793,88,160.000000,0.000000,1,1.000000,-159.000000,88,160.000000,0.000000,15,26.586207,-133.413793,15,26.586207,-133.413793,80,145.379310,-14.620690,21,37.551724,-122.448276,88,160.000000,0.000000,,,,,,,12726471978421965644160858012039881013379204709783800035386835959841524930418929241634367664078687154273171329625353977698770572550281304068563305807300625,2868940036578210925258291033707924265987328756245657338326922396879063433373788186427107903609284309854470418599063338113079684589804651557056591372763378989217831507180117874097068317980875097119376995614193529354579974690177031,24776649730348250957883644019748381199497637894089700706098492796022687240167097842783120643276649185057531316186944754201385319719121073744056239709162,80.402300,-79.597700,-79.597700
