puzzle,address,pubkey_compressed,hash160,spend_txid,hash160_match
161,1JkqBQcC4tHcb1JfdCH6nrWYwTPGznHANh,031dcf49b480cee5f1a7200ea94795a1c7f69e144f11f031123c14c65077823dcb,c2c43e2b16f53c713bc00307140eaae188413544,5d45587cfd1d5b0fb826805541da7d94c61fe432259e68ee26f4a04544384164,True
162,17DTUTXUcUYEgrr5GhivxYei4Lrs1xMnS2,03294d33f5e7b98c885ff540fd3f747010999f640d8fdb021f5a13ef3d06c36a58,442bd85a46d4acd7b082c1d731fb13c8474ffa6f,5d45587cfd1d5b0fb826805541da7d94c61fe432259e68ee26f4a04544384164,True
163,1H6e7SLxv6ZUbuAaZpeUdVNfh3cKBWJRmx,02ee740ba74efc08bf39d01ccb7e34f50afe2f4677a9e09755e7fe3808e0cbbac9,b093122f7fb36d11c9f2c80cff2971fba7c9c1ff,5d45587cfd1d5b0fb826805541da7d94c61fe432259e68ee26f4a04544384164,True
164,1LjQKurNtEDgMdqeCoWRFhHp1FPnLU77Q4,0312163c60548244d6e565bd877b98808b73830c537efde357c8b5f8c623fb2028,d86f54f73e343d76dd7401639e427d828ba31eab,5d45587cfd1d5b0fb826805541da7d94c61fe432259e68ee26f4a04544384164,True
165,1F7ZjibYug9bLW3YvkkwBZLrhfLtNjgYrX,037c6fcde6a2e0fd57ce21bb4352f7bb38859d2af5388b27ebfed107907e060c5c,9acf9573eb7b4376beca979cfa769f0677cfd949,5d45587cfd1d5b0fb826805541da7d94c61fe432259e68ee26f4a04544384164,True
166,12BtvPaamiBCpXmoDrsCxAa1b6hMRnASZ4,02b02f753542201387815c4754b66202ef6dc4b3415e4c4cc826d6534394702f50,0d07a05f7687824fb4dd4a160ddbdc3808655004,5d45587cfd1d5b0fb826805541da7d94c61fe432259e68ee26f4a04544384164,True
167,1AvLwGpkwTZH4qiwy1L4v6TuWXLMNrATN5,03779c01b4badc5c3883f6ea2b93214a24796154c8eb967695dfc802bf074b4941,6ccfd1cdb43788738536e11e247b0ce31c093f0f,5d45587cfd1d5b0fb826805541da7d94c61fe432259e68ee26f4a04544384164,True
168,1PojqbbzJHnn1X2mv6DCECNLUaD2nMssDp,02788f82521d7557d30c9c4f8bc7098cda23c59729e9cf96057ea1dc49799bd399,fa29a9264b9c18fa5925e38d201934ed89e64dd6,5d45587cfd1d5b0fb826805541da7d94c61fe432259e68ee26f4a04544384164,True
169,1G3uazv67BcKRmPFvgvX4ijBTa2898cvCm,026efbd90dfd84d5bfb7a8ceb2755155d1d39a16be88db336ff18a8d844a269cba,a5169d8bc79e8cc94a36246de6bde7596cc9f4bb,5d45587cfd1d5b0fb826805541da7d94c61fe432259e68ee26f4a04544384164,True
170,1EW9W5sGdxVDxAtjRbCjgkZNtPH8ZzikeP,03e56c48f1bc4a6d06a2e0a4ad53c7674403dbfdaaeee3ecc86aff294b04997d61,941ccb7383109b47b841044c9f865785676b0918,5d45587cfd1d5b0fb826805541da7d94c61fe432259e68ee26f4a04544384164,True
171,17zzMMnj5h8StLhnrXpw8iBP21uujNC4Ap,021b6f7d2e3d33f99fa44985c68ae85827282c64701a2c663bd81e18a229a3562d,4cc856b74f1be643a3a0ac65f5399e018aed7ae5,5d45587cfd1d5b0fb826805541da7d94c61fe432259e68ee26f4a04544384164,True
172,15LJKhwQJ7dYMBZX1mktskZqxX1aUCibkr,02ed75f534f534c536d0732acd70af3e0d173c1f6885381edf8469d1e5a4cae716,2f86ddd3fac7bf830020f97c46b33aabc891e132,5d45587cfd1d5b0fb826805541da7d94c61fe432259e68ee26f4a04544384164,True
173,1Mkodin3C3drVaV9JNk1o3i4n4gVGe9GVx,0233d5bd5790203edab5c63839bee1765735c35254ec24f3073f65d99e1dabf90e,e3ab5452f79c3ba677d230621f865667114ace03,5d45587cfd1d5b0fb826805541da7d94c61fe432259e68ee26f4a04544384164,True
174,1C6dHU1gQtVUXZmeXQuQc3EgDJbiLbxFZJ,03c11209f91946eb81b603d046a296f5754967897d471980fe43ea1aec8bf2ad7c,79b9c06f479cde2a04c871b7534f1d4706c6411a,5d45587cfd1d5b0fb826805541da7d94c61fe432259e68ee26f4a04544384164,True
175,1DxZJy7AkqLVAQ5rtSUKfrR3yPE5u5ygk6,02cb5f1f0d3dd67f0f162353490d98219982f5095bd32daa6c020806cf59ea2c2e,8e235bafd009b1bf67a8475cf1687b09b23c525f,5d45587cfd1d5b0fb826805541da7d94c61fe432259e68ee26f4a04544384164,True
176,1NcytLwdqJa8DsQPa9NwkxJTQcx1rZy85A,02ba9f479c758f5b2842ddef8414e70acfc943d2584258709352061a100e410ee4,ed28af7ebd057c69f2f9f5852fcff8da51b32571,5d45587cfd1d5b0fb826805541da7d94c61fe432259e68ee26f4a04544384164,True
177,163vG9mKmAsrvmq42MBDPjf9axZyEgBc9R,028ae59ec009a07fad636a066f72d567a1fe9a37492b40688c2edfe18de00f284c,3765ebcb90c64c4167674c8c2f35ad3d12245fb5,5d45587cfd1d5b0fb826805541da7d94c61fe432259e68ee26f4a04544384164,True
178,12ATwA5VvoPDinSymcQpCAXPLApAVLN24z,035fd8708ca357691c50a49b0d339227360049b3156c3d32d1c54a315393bda35e,0cc25a433319a84636805fd00f8862aeb3fc8cdd,5d45587cfd1d5b0fb826805541da7d94c61fe432259e68ee26f4a04544384164,True
179,12fXbBE7kTfqYk8dYyU9bw7XfKVwEqXnzg,02064bbc39fd98afca5085c5e9a006c8bb0e466adef24a911e635f835c8061c15f,12417789f9448e8d151699534c43c5b419e4ab7a,5d45587cfd1d5b0fb826805541da7d94c61fe432259e68ee26f4a04544384164,True
180,1EkYsB1C7deWxiVUULeZpr42AdYWhv4PEX,0329420514190479e81640f967e686e2d950e231edd021fc63a17193dac2969a3d,96d61f034c1d3db504e6c84e1d9b5e47b3bbb6ef,5d45587cfd1d5b0fb826805541da7d94c61fe432259e68ee26f4a04544384164,True
181,1MPQyhXBT2FpUMCiv5YX3yacKvmc9P5x6S,02cd62a1cefed68821c2fc3a0e763a0178a323cfba08cde5c0321caa644f1052de,df9faeaaf5c84fb9aca49f923d7ae0286754f13f,5d45587cfd1d5b0fb826805541da7d94c61fe432259e68ee26f4a04544384164,True
182,1GZyxmpgtRJNaW1zEhPAa81xZDEJSdwbbZ,03f7aafd4bcc8478efb01ff830655d88cb60399e3179e24eb0146b013ee5c4d6a1,aac6bf269ddce4d550f9c58eedc720b85ba1dc49,5d45587cfd1d5b0fb826805541da7d94c61fe432259e68ee26f4a04544384164,True
183,12E2HWQVHzuGKAQVvPUkHWwibAJfnmcHW1,036d249dae9d1f3afe5c85ec6f34561a2373d6c0b6cfa8ca1b4ae00d1937e7a59b,0d6e9b09e523e71ad7b9873dadee0d0bc788033c,5d45587cfd1d5b0fb826805541da7d94c61fe432259e68ee26f4a04544384164,True
184,14J1fXY2E3fbxjp1zpfqRhk5BNQ4pb97Rs,0377059f597c2e14d648807db27c8540f7cdd7e176c5baf979dcc00f251bdec6aa,242000d101c4c5b143c63f12ae08caa81d837c28,5d45587cfd1d5b0fb826805541da7d94c61fe432259e68ee26f4a04544384164,True
185,1HqHHuFzZhtTtyGbAWCS49qGnCBSEhBSFT,0208ce81549c729647d7747a6a7e304104435fae445afb4fa90fd384f2640f0ed9,b8a393fd03783ac177243e8c4313a4221b049b8a,5d45587cfd1d5b0fb826805541da7d94c61fe432259e68ee26f4a04544384164,True
186,1BJXBDt4e1uaorXPototucUGNRme57nAqt,03ab1c8c3d6b773758c2a765dd33fa0b9804c55754f9a9278a158a2d02a6edd1a6,710184e0443717cc62b086824b793f4e011b4456,5d45587cfd1d5b0fb826805541da7d94c61fe432259e68ee26f4a04544384164,True
187,19ct7Egfi5j6jSefj8X4d5eXJQUmyhtXjC,028393d6e394d960b1b7e239707d87595f85b7bdca480dafd39d4797124740d9ef,5e8a3a32df85af78e2ce3493985ff4ae2da00623,5d45587cfd1d5b0fb826805541da7d94c61fe432259e68ee26f4a04544384164,True
188,1DyWSY1dA3wyjo4eMuQCPfrm3dV96xDDSU,039705ff013b8514ee6eded8af52879598d19306f3e252f153dbfa02baa06d7dde,8e5160f5d3f432f7421f189d1888b85ed8337180,5d45587cfd1d5b0fb826805541da7d94c61fe432259e68ee26f4a04544384164,True
189,1PiLrDyeXtncnsvcVAGGcNnpzQVRCG3fwS,027a9e387d83df7847566373ef601f2b6dd9adbaf3fde5582199ed71f4b8ca9e08,f92463f967ffc9cea3e1ef846ff106b591e38e68,5d45587cfd1d5b0fb826805541da7d94c61fe432259e68ee26f4a04544384164,True
190,1HUoYzoEn2a4WxKvnYYbnR9GKrVqAfq7oY,03eb37cc02df3bd83f67e581116b2e08b1b4f27354a21d6345fe17484f4ba2ab8a,b4c41a566543c9133f45361d6df0895319113538,5d45587cfd1d5b0fb826805541da7d94c61fe432259e68ee26f4a04544384164,True
191,19vnME8b28SzJDuEFNShAG5JCR63V1zzV,03bd9d14ad1d7d2c3d1f46b5f2c82142a5c0784ff4506c04ae0a99d9737e1630d1,01b038f889ed602266f2c6647f657713e52d8cac,5d45587cfd1d5b0fb826805541da7d94c61fe432259e68ee26f4a04544384164,True
192,1GWTEv76C8cusq4h5gV3rLjeFhBkGBHSKg,024e1799de117b044ea4778a77f0a6267bb84b182f55093be7ed0e8f703b74e5bd,aa1bda87c542102bc484b1fc54f93764f0ccd701,5d45587cfd1d5b0fb826805541da7d94c61fe432259e68ee26f4a04544384164,True
193,1NHh2fQDm7KyBs8HRFkVtHgMzkmufk6mNW,02a7cbaf2cc78bf6686b7a2a2cbcd2d0ed6e03e56f481e18212508364b682ca711,e982b609d7049607fb087a936464fe8915087aee,5d45587cfd1d5b0fb826805541da7d94c61fe432259e68ee26f4a04544384164,True
194,1oW8VFRNVKhbzzq8NWNutDYDzv1CzAHAj,024e951c7b8d0630a84f5f79b6a8ddae01ff2166f322fc4558d20c97aacd8f2839,08cb7331dccb902b5db0a30dcc1ba8adbd6fe4d0,5d45587cfd1d5b0fb826805541da7d94c61fe432259e68ee26f4a04544384164,True
195,16q15tpaHQFUENUmRPLgiidCMWLcDpVEgs,029cfb4b5b2830188161b359fc1fb7ef3023b3212889ee8565a7989de774af192d,3fecaa5f1295e3374ef2b04a365523cfcb56305a,5d45587cfd1d5b0fb826805541da7d94c61fe432259e68ee26f4a04544384164,True
196,1AH4d8Bss6eFyugZaN2qPXMBH69T946dSK,02e56e407ea984475f21ee82e96822c541967dae2a68e85ef883ec46c7646d6f67,65c2cfc6b38650c00242435f1b041a5fb1b733ee,5d45587cfd1d5b0fb826805541da7d94c61fe432259e68ee26f4a04544384164,True
197,12gDPuHvZBh6FSjyhHhyDDkM38Y2wyDGQt,028ab0a2c3a3413f9ea995a2bd5c7a72b79b2c6f76bf7cf49d840028a618046fd3,1262b1eb58a0e55dc874e8c2d097e61194358388,5d45587cfd1d5b0fb826805541da7d94c61fe432259e68ee26f4a04544384164,True
198,12jFRwZFUrxUTtuyVzw9FNJsJa7mjBgfca,0245f61026852cde2db15de4b129ad0e3c54aba03ed9b0f676eb9dfb680277d569,12f5a4496acc2393b6b56408ae7b3e07b6dc9b93,5d45587cfd1d5b0fb826805541da7d94c61fe432259e68ee26f4a04544384164,True
199,1BNkFNU3eJz8jDfTkTwe7XmF18BfQwfqW7,03ec5cd862b5699f09e5341b4315b2a548024718fe9ce70d205dbfbbface07d7ee,71ce182dba6c2838d69248017141117721a7200a,5d45587cfd1d5b0fb826805541da7d94c61fe432259e68ee26f4a04544384164,True
200,1DEDEKJVEmXvEqwg3wbq8c1ZNobo4tNw4h,03fe993e313ad3c5e8ae4d7e99a8cd5131ae04896270e48082d5965dba9616032d,8621202a5e010769fb0fd1a08027f41e173c3bb5,5d45587cfd1d5b0fb826805541da7d94c61fe432259e68ee26f4a04544384164,True
201,1DA2RexqNkbVhzfkmQDHRMfKrdesgyMMdQ,03346fd1b1ca7a7eb88e4b7af48d678a42e8ca8d607d8e4e2967d16394c360d014,85567151f330b69bac3eba86bb3aedd8813ec2b7,5d45587cfd1d5b0fb826805541da7d94c61fe432259e68ee26f4a04544384164,True
202,19Ho5YB6y8qRCdUMxWpXqrm8N4AKAq7ZWS,02669d985185d1894541f6ab7ea7fd57dace5bf97f2c73736b205ab07a5685354b,5aee20366a5523246e1c43dc48462878b0d4806e,5d45587cfd1d5b0fb826805541da7d94c61fe432259e68ee26f4a04544384164,True
203,1DVWn7PuRBmsdTBKiboBdSREHdAtSoN6BB,034fd997afbe4608f743661ae417c5706b044d9d5532a51aef5f4cb244f5f5dce1,89060378aec62c83cd6e20d92865cf9ca80549b1,5d45587cfd1d5b0fb826805541da7d94c61fe432259e68ee26f4a04544384164,True
204,14CMU6qvv55Y7xJdVw64ey5yfUP4BZAjct,038e2790adcbe6d0c89c0c23763c52608ad0fe2a757e9910550f45bfb1855ad54c,230e09c32f5aa23763f8e7c770cee5b5cf4359c1,5d45587cfd1d5b0fb826805541da7d94c61fe432259e68ee26f4a04544384164,True
205,1DHL5NuXPjwDsNnXyzAgZTAMM4aYUc1zFW,030fad8d46d7a7f4e5b5c76a09a05166c8f7515651f0c73bf8329353f412699c99,86b816944ed6fce46ca955b80897996b016f8be0,5d45587cfd1d5b0fb826805541da7d94c61fe432259e68ee26f4a04544384164,True
206,1UwsEPMF1NZTWJAuymsLVJpqetBZ3Q9sJ,0291a1ff9572bcbafd8dabe85c90e10a458a4f71e759747918d4aa1f56af8a66af,054907e50b2feceb0b75f850fd764c197844fea0,5d45587cfd1d5b0fb826805541da7d94c61fe432259e68ee26f4a04544384164,True
207,16aELF1f75o464ZhtAZUwbc4ctFQZxS8qi,030fb4b479aaa51c07c2f660501ccf73a6aaef84e2065ad1dcf97125a5d7248258,3d217c047cabb55395cd9618cee124683ea5c998,5d45587cfd1d5b0fb826805541da7d94c61fe432259e68ee26f4a04544384164,True
208,15TJ3wPvdviupvKQFm8hLeXSzeMSq7LSJ2,03762e52fe281f880581dcd00bf80a7fd949af3439b479aba16b6fa5b04733f4b4,30d98d22a09bf062c9b3706af3c059a72bcb7879,5d45587cfd1d5b0fb826805541da7d94c61fe432259e68ee26f4a04544384164,True
209,1JgrGoQbvJS7UnX6j4myiCxo6Q3gyo5Ujk,0243874c891b55668295d5fb6a734fa8b9c4f73eb80cd4f3be3ed7de520e974e9f,c2037dcac7d46e66c4e06c289c3ccd3170438332,5d45587cfd1d5b0fb826805541da7d94c61fe432259e68ee26f4a04544384164,True
210,14Xm5DjBUQTJCzeGhyrhVsxkK8p35srk1S,03628e54188ca8c8c0b73fdb12064f195417f9fd98a7b0763d83eda2518c526f44,26b9a572ce3f674c9c8d3a0f15386d6848783c25,5d45587cfd1d5b0fb826805541da7d94c61fe432259e68ee26f4a04544384164,True
211,19yhSoza8oK3ioCSydMuAGJs4Mm3FwCTht,036f164c6a628d94338a9dc9dfc1cc2f91a3a9382c198bb05f51fbbc34c6cc583e,627a0fd9f1c2034f9d643a355621842288cf4551,5d45587cfd1d5b0fb826805541da7d94c61fe432259e68ee26f4a04544384164,True
212,1JXw9i8dEZGH29mUiuKjWXK9L27r2TerLQ,020df4abc8bae9c000ea2357b014befe3e6d13dd63951ac0b2b66b37eab76b7ead,c053d1c7b2e7e27c624dcb8087549876af73aa03,5d45587cfd1d5b0fb826805541da7d94c61fe432259e68ee26f4a04544384164,True
213,1CNNth43uiVypxHmZLC8hWZsb7UiP7wSkY,024b5c68b748907bc07afa2f4d9cfeef5524d0675ee4b5a39f2e9e7b7b85f2bd9f,7cb4648719aedaf874354cadf986e89458eb58cc,5d45587cfd1d5b0fb826805541da7d94c61fe432259e68ee26f4a04544384164,True
214,16ocVeZDpqcvyMvzAH1r2LR75uEzRhkyV2,033fb8f6eb9cd60aca4f5ec48c7bd81fbe2c221c7701bcb93be5f50a810055c965,3fa96459d3e03e94794724b8605c9ae47a106862,5d45587cfd1d5b0fb826805541da7d94c61fe432259e68ee26f4a04544384164,True
215,15x3tRVyn9SRaxfbFUzqETmCJiz46Vs247,02dcab1861d56d3b6ca4d741f885c9f7b34d91b460f90b3dc1983acf701ca8092f,3649ca67657d482484f49f8f5c8cdb5222c8700f,5d45587cfd1d5b0fb826805541da7d94c61fe432259e68ee26f4a04544384164,True
216,197K7MdYhnN88gcJouJRxMiSAHHfWuPrXC,022f02cc3458301883c9bd15fe341384f94ce48076f836815f7b89901f3a27abc4,58f29e811ffece9aaf65c7a360382ebcea3a2f18,5d45587cfd1d5b0fb826805541da7d94c61fe432259e68ee26f4a04544384164,True
217,1MDsNYfC4LErgwUDqfQ5BgFJqv5bs4Frkn,023dccddd7460b8000e6ac7bb14f98cad9aeb4b4f858c2a655738ce141d71224fb,ddd18e224de138253a990a4cc8d8e7aaa3998914,5d45587cfd1d5b0fb826805541da7d94c61fe432259e68ee26f4a04544384164,True
218,1BDTXmiyyzq9i79RGGTW7cjmYJbxKoV27e,03d8c17e24c72388998ebe82837a555e57d1db6162738cec8963384c367e393906,700c655d586d1a06b0185b12007a1b195d60271c,5d45587cfd1d5b0fb826805541da7d94c61fe432259e68ee26f4a04544384164,True
219,1EiJ59LPWDezXwfAGFTcoEKdNhvRTriBXy,02ef830a543b3b50c3fc7e42bbc0938039f8d3e19a1e862012f281c51f3581d77d,9668f0ad5f1eaa5c8e68baf1eaa07c1ea16a88de,5d45587cfd1d5b0fb826805541da7d94c61fe432259e68ee26f4a04544384164,True
220,1rirV4Y2NxGwKNQNojJhz61jEctni8fvb,022cc796d5a8ec2c871640152a0db6ffd2b4ea957c8f5ecf706fbc383fa5ad7696,096751c3cb56d4d163186085c81fc8dcf5bfa4ec,5d45587cfd1d5b0fb826805541da7d94c61fe432259e68ee26f4a04544384164,True
221,1NxgWntAdMugSNFHEXYizYwk3UjxKPxcDF,028a874fe6f1ab00358d0b610d536fd67f049c98069eeb35585549250ef9fff4c5,f0e280f15876be99ab63c8aaa4f934f777ed369b,5d45587cfd1d5b0fb826805541da7d94c61fe432259e68ee26f4a04544384164,True
222,17A75vEkPPVeY9MMMXUY9M2JUHbbNyVAWC,021536a0aa8cdb5061debba4f236d311a570f6de6d483419fa23c147f543765602,438993e343b3317a4833a709894145f2374a95f9,5d45587cfd1d5b0fb826805541da7d94c61fe432259e68ee26f4a04544384164,True
223,1NUVBXgX35Uax4fpziV7VGMJyji3mUzZbt,034cfb3bcb83ed739ecc9abc84f68ffaa430f2d685bebfaf8cefaaabcd2b53d984,eb8d65ae18eba8f6a1fcffe0b37e87fa34b09a70,5d45587cfd1d5b0fb826805541da7d94c61fe432259e68ee26f4a04544384164,True
224,1F6yxcbDzjumeN77DiABMXzPcvtAdnaoPF,02a1cf7a8cb1bdd05701aa57ef6e5a9ce28950d93e2369d5fa11ec5bdc8d4ce9d1,9ab3633c60100b0dd631bf1c6755abaea7bc0445,5d45587cfd1d5b0fb826805541da7d94c61fe432259e68ee26f4a04544384164,True
225,16YvGEYhAwjf2duwvH8jbFMfVCnY6XiQTq,03e1819c7597f314943bf847e6ec36c4c95ac1b3ead9948b90e9a2729357712ff7,3ce1fc3304d09e7984c5766fd1134c1e8979821a,5d45587cfd1d5b0fb826805541da7d94c61fe432259e68ee26f4a04544384164,True
226,1HtbZg9mPjYcMDMDNyXaFjHX5e7ZPUwWAp,020d896eac113fac98c2a4a44b1488087b3b4c2d8f2563d2a41789f0324ad62cc7,b944142155bef6fa7280d5f7f8eae49511349ebf,5d45587cfd1d5b0fb826805541da7d94c61fe432259e68ee26f4a04544384164,True
227,15a9nXpjnQzw2o5kmvGyKzv7anZkYFHwdK,02f73589feb03e8ed1de43cc7748111e2f1d73a2a06679951addeee165d378f23e,32259030b93d8f20268aaa2c5222f9366faa2fc3,5d45587cfd1d5b0fb826805541da7d94c61fe432259e68ee26f4a04544384164,True
228,18zsQK8ezT32qCqgLJQMkhqyKNwpCP3JU3,037ac4f241f6ba433da340b08a081323a93c0966fca5c0757685005f8396b09628,57baa9ea3f683b444a06702492443a9057ce2c96,5d45587cfd1d5b0fb826805541da7d94c61fe432259e68ee26f4a04544384164,True
229,1AaBhpTnfCin9nCrai2msXzCHoVmwkAe2N,020d64789d26c0363a2f284a1cddad7b6ab7dd41d65d5afe6ce7554214d4666518,68ffcb39707615a254428f084c859376fa7144be,5d45587cfd1d5b0fb826805541da7d94c61fe432259e68ee26f4a04544384164,True
230,13Jtm1mm33Uke7PbmTBYGNZGU7rXUsVs3e,0216dc9de7fd808beff7fb3bc63767ef34beb0a51b4daf40151bc346781185ceec,1952876e85b0e6fe7c2557c8345975fd44700f06,5d45587cfd1d5b0fb826805541da7d94c61fe432259e68ee26f4a04544384164,True
231,18aBXRctVrWN9naDGhKrLdZViNfLJfCdbF,0378a0cae3e8275916f41b25838e45a8f4c8829c3b1b937c1b1749fd77b23177c1,530f6487090bda616a7846f68160ddd886fbdf24,5d45587cfd1d5b0fb826805541da7d94c61fe432259e68ee26f4a04544384164,True
232,1MEEjd99pkEyCdiqVSCa8Jqjaun7fsEXaG,03d9dd7c018dcf2a57a4d6c4299983c631ff8ab32eb72b57cfcf25be5366a9ed21,dde3637371e3638ef51b3753c028d84902153ea8,5d45587cfd1d5b0fb826805541da7d94c61fe432259e68ee26f4a04544384164,True
233,1NnefTEeKQQAts37cQHzVx8oPrUu8LWyUK,021b6cde6068c69f1156c044dabdf4cf4bef6cc4eb020ff0dc74e03633f72403a8,eefccc98b21f6748888b7b682d9f3ead55796890,5d45587cfd1d5b0fb826805541da7d94c61fe432259e68ee26f4a04544384164,True
234,1FYbLcutmRbvu4yUeLmC4TES2Q3ChhXYY,02d274968fe3b7f79074b9aad3221d71f42f4c0be9bb3a8e22e20396b9a63a847d,02c031f6bc39053653a093d95511eb1197c5029c,5d45587cfd1d5b0fb826805541da7d94c61fe432259e68ee26f4a04544384164,True
235,1Pp61TfkztZ9ckpdeUVCzbyA7vMqXAVsdV,02df2647ed50cded7c031a702c72b5b09209e5fd4a48c7cee7bf847f88c85bf4bd,fa3a7f736604e038a0a7fe5945a114467baba159,5d45587cfd1d5b0fb826805541da7d94c61fe432259e68ee26f4a04544384164,True
236,1PytbQzRaf9eTpGax3c6ofKwtbxaLLSNy1,03e8c806fd610232c5b68d824b3a284e213e523492657965073c54ccaa8a58e8c6,fc152109a2102e72ae6aca2192065e909170d2c3,5d45587cfd1d5b0fb826805541da7d94c61fe432259e68ee26f4a04544384164,True
237,194bRtNQVRq4xi26UJZYTHexvLXijpzp3e,0288bc8b2d55ebc48d906478e7c37a78899632543dce63e6a9330a0a0c933e2095,586efe7cb41fc58c651225492e5c706a3af15d35,5d45587cfd1d5b0fb826805541da7d94c61fe432259e68ee26f4a04544384164,True
238,1DxBvzRMdvzop21DhnDJv4xJDYFGVtu7KZ,039a1c77eb960be561f622d14ad0de0d2660245e629c1b11033f769aec28270b77,8e11830db460be44112d0d0150016fed31172246,5d45587cfd1d5b0fb826805541da7d94c61fe432259e68ee26f4a04544384164,True
239,1QLHLvM6XKwygyWqo2cCPbfbf6woZzGEKH,02dd983a8c8c8c25d3a16b014ad3e09b8188a3dc0333fc3d4b1504b1d3013b344e,fff0706a3d7d599d40406165ad0daaa0fe9dfc9f,5d45587cfd1d5b0fb826805541da7d94c61fe432259e68ee26f4a04544384164,True
240,1C8Hw6T5jypz92cNFr9Lkx4Xmr4DtP7zGA,03d569cafd2c67ce649d9b3484ae8cd392ad7019f0b7963fac095912d545070466,7a0a6e15efc2350d3dd45b88d855062a810ca619,5d45587cfd1d5b0fb826805541da7d94c61fe432259e68ee26f4a04544384164,True
241,1L7ZNx5gFPvdVPfdgFBnEUgA64woQwopqr,03fbf9615ddcc9c0c9e88fb69ed62465ba694f4694f0ea94a7f3476dbf666ba56d,d1a7e9f072b3ebc159327bec2f9ed46362a85bc9,5d45587cfd1d5b0fb826805541da7d94c61fe432259e68ee26f4a04544384164,True
242,1EMhTbC4Kp8DYBk5zoLsTqZ2YakhiTgQYh,0387d4589510248cb352b5c82d7ee75454c507574cb281042eaf5dee2547abd2b2,9283ba38d0bb048fb69d6aafc9a32b666f1c0977,5d45587cfd1d5b0fb826805541da7d94c61fe432259e68ee26f4a04544384164,True
243,19CqmBBJ3H8FjxSSeSjv2Kn1cVQFXMY6AM,0243609cd608d2d4744f3b11ff57875067ff2ac9966b87edc24e2daf2c784fc97d,59fe4938c08cfa18b39d68a376ed2c065a98a55a,5d45587cfd1d5b0fb826805541da7d94c61fe432259e68ee26f4a04544384164,True
244,1KMHDrCGho2QuK59UNvfjuiPdDZSgRbneC,02eaa8294f7cba1ddf4a990032a2a6d9f07eef4309ab1a27a3446f591efe189314,c9481fd7d3d294113c5e53990d9451e32844c0ec,5d45587cfd1d5b0fb826805541da7d94c61fe432259e68ee26f4a04544384164,True
245,1HzpmnHxpu4tCJ23ZS9TfWCoX8mXfpdHiq,03c763aeffae32371612f8585c10710aaf7bf4a211a632c8a18b969a4f4e42db54,ba7199b9bcac99a8ee39e6f103ab3cb049e7dd86,5d45587cfd1d5b0fb826805541da7d94c61fe432259e68ee26f4a04544384164,True
246,1LrrNP28PYg1N1z5Uo1gR8cmoPc8h4orBZ,0396ba2cc3d83caad1a3970670557417e627b7cf32ba4e6219604f8f5e7ca09752,d9d7fb9cf1d10075b0515591e2570c7efabc80c1,5d45587cfd1d5b0fb826805541da7d94c61fe432259e68ee26f4a04544384164,True
247,14D2d3WnHThUxyPhGoj2AabBTxpZcoHy3t,03c3f97e2896f15b0dbe0dcf12fe9ef3d62af375d683a4a93761d3f31785971dd3,232eb8ef367fc06217fbaa43848df87567b2696d,5d45587cfd1d5b0fb826805541da7d94c61fe432259e68ee26f4a04544384164,True
248,18oqrdP6uBKsn57gvmWzLuKMAY4ShapiAU,031037fc1784819309a913864372322768fee8ba8c3d3bf0566936096dab4157db,55a4cc2020c1769dce6c05e560bcff5db9f27f3a,5d45587cfd1d5b0fb826805541da7d94c61fe432259e68ee26f4a04544384164,True
249,1Bun4VzuBJ7SUoQn97dinVfDyWAS336Ldg,02d1d5728abc050fc1c5fefc276616e50573139f89fdd01ac4ce2e52a19f945f8c,77ac8098d4726a592aed489e3880c23cfaf719ae,5d45587cfd1d5b0fb826805541da7d94c61fe432259e68ee26f4a04544384164,True
250,1Ruu3JwvGeSmhQV9GzWAnyLCz6g3evmTY,0230465312b31af6b26c64d58ebc8a890c41f52f57a5c0eb305d83b0351c4bf968,04b623b48cc42741d0c9ec3b1fa297664bcec49b,5d45587cfd1d5b0fb826805541da7d94c61fe432259e68ee26f4a04544384164,True
251,1M3u4q5Q35qtQPmDHeubVbk7APYi3VVoBX,02ec2ca969860c67210de88b622f37fd4c02488d8ff9cc879ae91405523724eb0e,dbeecf6406c1569a483a88e35ed349a521a414ca,5d45587cfd1d5b0fb826805541da7d94c61fe432259e68ee26f4a04544384164,True
252,1CaTxB3YwmXZkDnTK4rRvq61SRqs48xmui,0316bbf51b1574f580cd5ec84fe2371b4fd5644637b713f3a795474a1be794001c,7efd9baf1d6e21bd5f920e7e9e468b5a45ec92c7,5d45587cfd1d5b0fb826805541da7d94c61fe432259e68ee26f4a04544384164,True
253,1JqRqUPHHcQu2yrr8JZzxSYDx2jbZxEqFj,0322ae607614dedc7261f4214dada55f1a0f11926174c3bf1689351c1783f3da48,c3a2d618736baf0d5df7d81d5b8235cf8a266448,5d45587cfd1d5b0fb826805541da7d94c61fe432259e68ee26f4a04544384164,True
254,1NKkjFvXmovmjwgUujw655n3BbEvnncyza,0255d81444d53e97bf282ed8c505a686ca08d270493404c1db86e64b9494ee36cf,e9e6a1ad0ddaf3c372e2e1eae83c8cf9f9163b3a,5d45587cfd1d5b0fb826805541da7d94c61fe432259e68ee26f4a04544384164,True
255,17PEUvQmgqPkkvRkMowoR1wRDXYzre4b9Z,030cea4a0ee0a03b7a5f77b85bb455b10979c2220f0e470ce5e0d4e0c786c04f66,460528d920ce045d9f6fc319182960707b248064,5d45587cfd1d5b0fb826805541da7d94c61fe432259e68ee26f4a04544384164,True
256,1FMcotmnqqE5M2x9DDX3VfPAPuBWArGisa,029125aed5e5342de7c6163a4158a716ac982ba7d2ed85835c6ff99c68702ce710,9d77f8bcfd56b6a095703aae85bbe003a9cff5eb,5d45587cfd1d5b0fb826805541da7d94c61fe432259e68ee26f4a04544384164,True
