n,interp,n_dot_C,target
1,A,1.079546336499460462554501802883040753799770017855946243657403747988737825607683251435419657170337565794313101022542094127614728505372509254656081463062214006,0.000000000000000000000000000000000000000000000000000000000000000000000000000009323144125044046570516843537923524902021513909737742514611003928121415855990632
2,A,2.079546336499460462554501802883040753799770017855946243657403747988737825607683251435419657170337565794313101022542094127614728505372509254656081463062214006,0.000000000000000000000000000000000000000000000000000000000000000000000000000017959312680138491195903195400723924473137514274174023899634707398290327992521157
3,A,3.079546336499460462554501802883040753799770017855946243657403747988737825607683251435419657170337565794313101022542094127614728505372509254656081463062214006,0.000000000000000000000000000000000000000000000000000000000000000000000000000026595481235232935821289547263524324044253514638610305284658410868459240129051681
4,A,4.079546336499460462554501802883040753799770017855946243657403747988737825607683251435419657170337565794313101022542094127614728505372509254656081463062214006,0.000000000000000000000000000000000000000000000000000000000000000000000000000035231649790327380446675899126324723615369515003046586669682114338628152265582205
5,A,5.079546336499460462554501802883040753799770017855946243657403747988737825607683251435419657170337565794313101022542094127614728505372509254656081463062214006,0.000000000000000000000000000000000000000000000000000000000000000000000000000043867818345421825072062250989125123186485515367482868054705817808797064402112730
6,A,6.079546336499460462554501802883040753799770017855946243657403747988737825607683251435419657170337565794313101022542094127614728505372509254656081463062214006,0.000000000000000000000000000000000000000000000000000000000000000000000000000052503986900516269697448602851925522757601515731919149439729521278965976538643254
7,A,7.079546336499460462554501802883040753799770017855946243657403747988737825607683251435419657170337565794313101022542094127614728505372509254656081463062214006,0.000000000000000000000000000000000000000000000000000000000000000000000000000061140155455610714322834954714725922328717516096355430824753224749134888675173778
8,A,8.079546336499460462554501802883040753799770017855946243657403747988737825607683251435419657170337565794313101022542094127614728505372509254656081463062214006,0.000000000000000000000000000000000000000000000000000000000000000000000000000069776324010705158948221306577526321899833516460791712209776928219303800811704303
9,A,9.079546336499460462554501802883040753799770017855946243657403747988737825607683251435419657170337565794313101022542094127614728505372509254656081463062214006,0.000000000000000000000000000000000000000000000000000000000000000000000000000078412492565799603573607658440326721470949516825227993594800631689472712948234827
10,A,10.079546336499460462554501802883040753799770017855946243657403747988737825607683251435419657170337565794313101022542094127614728505372509254656081463062214006,0.000000000000000000000000000000000000000000000000000000000000000000000000000087048661120894048198994010303127121042065517189664274979824335159641625084765351
11,A,11.079546336499460462554501802883040753799770017855946243657403747988737825607683251435419657170337565794313101022542094127614728505372509254656081463062214006,0.000000000000000000000000000000000000000000000000000000000000000000000000000095684829675988492824380362165927520613181517554100556364848038629810537221295876
12,A,12.079546336499460462554501802883040753799770017855946243657403747988737825607683251435419657170337565794313101022542094127614728505372509254656081463062214006,0.000000000000000000000000000000000000000000000000000000000000000000000000000104320998231082937449766714028727920184297517918536837749871742099979449357826400
13,A,13.079546336499460462554501802883040753799770017855946243657403747988737825607683251435419657170337565794313101022542094127614728505372509254656081463062214006,0.000000000000000000000000000000000000000000000000000000000000000000000000000112957166786177382075153065891528319755413518282973119134895445570148361494356924
14,A,14.079546336499460462554501802883040753799770017855946243657403747988737825607683251435419657170337565794313101022542094127614728505372509254656081463062214006,0.000000000000000000000000000000000000000000000000000000000000000000000000000121593335341271826700539417754328719326529518647409400519919149040317273630887449
15,A,15.079546336499460462554501802883040753799770017855946243657403747988737825607683251435419657170337565794313101022542094127614728505372509254656081463062214006,0.000000000000000000000000000000000000000000000000000000000000000000000000000130229503896366271325925769617129118897645519011845681904942852510486185767417973
16,A,16.079546336499460462554501802883040753799770017855946243657403747988737825607683251435419657170337565794313101022542094127614728505372509254656081463062214006,0.000000000000000000000000000000000000000000000000000000000000000000000000000138865672451460715951312121479929518468761519376281963289966555980655097903948497
17,A,17.079546336499460462554501802883040753799770017855946243657403747988737825607683251435419657170337565794313101022542094127614728505372509254656081463062214006,0.000000000000000000000000000000000000000000000000000000000000000000000000000147501841006555160576698473342729918039877519740718244674990259450824010040479022
18,A,18.079546336499460462554501802883040753799770017855946243657403747988737825607683251435419657170337565794313101022542094127614728505372509254656081463062214006,0.000000000000000000000000000000000000000000000000000000000000000000000000000156138009561649605202084825205530317610993520105154526060013962920992922177009546
19,A,19.079546336499460462554501802883040753799770017855946243657403747988737825607683251435419657170337565794313101022542094127614728505372509254656081463062214006,0.000000000000000000000000000000000000000000000000000000000000000000000000000164774178116744049827471177068330717182109520469590807445037666391161834313540070
20,A,20.079546336499460462554501802883040753799770017855946243657403747988737825607683251435419657170337565794313101022542094127614728505372509254656081463062214006,0.000000000000000000000000000000000000000000000000000000000000000000000000000173410346671838494452857528931131116753225520834027088830061369861330746450070595
135,A,135.079546336499460462554501802883040753799770017855946243657403747988737825607683251435419657170337565794313101022542094127614728505372509254656081463062214006,0.000000000000000000000000000000000000000000000000000000000000000000000000001166569730507699626372287993153177067431565562744199448107787268930755642151080894
256,A,256.079546336499460462554501802883040753799770017855946243657403747988737825607683251435419657170337565794313101022542094127614728505372509254656081463062214006,0.000000000000000000000000000000000000000000000000000000000000000000000000002211546125674127426044036568552025415536601606840989495695655388821194010671274340
1000,A,1000.079546336499460462554501802883040753799770017855946243657403747988737825607683251435419657170337565794313101022542094127614728505372509254656081463062214006,0.000000000000000000000000000000000000000000000000000000000000000000000000008636855530664394227331482354475522696446905877981582846153290770626864640249984451
1,B,1.400299424685491941412237920136078078570936627989436474355800763988659548296974472020233503111073944903824898805087210896741933336645418894770600000000000000,0.000000000000000000000000000000000000000000000000000000000000000000000000000012093221859185687023723416738610567238860036920086782445363537934640731143309201
2,B,2.400299424685491941412237920136078078570936627989436474355800763988659548296974472020233503111073944903824898805087210896741933336645418894770600000000000000,0.000000000000000000000000000000000000000000000000000000000000000000000000000020729390414280131649109768601410966809976037284523063830387241404809643279839725
3,B,3.400299424685491941412237920136078078570936627989436474355800763988659548296974472020233503111073944903824898805087210896741933336645418894770600000000000000,0.000000000000000000000000000000000000000000000000000000000000000000000000000029365558969374576274496120464211366381092037648959345215410944874978555416370250
4,B,4.400299424685491941412237920136078078570936627989436474355800763988659548296974472020233503111073944903824898805087210896741933336645418894770600000000000000,0.000000000000000000000000000000000000000000000000000000000000000000000000000038001727524469020899882472327011765952208038013395626600434648345147467552900774
5,B,5.400299424685491941412237920136078078570936627989436474355800763988659548296974472020233503111073944903824898805087210896741933336645418894770600000000000000,0.000000000000000000000000000000000000000000000000000000000000000000000000000046637896079563465525268824189812165523324038377831907985458351815316379689431299
6,B,6.400299424685491941412237920136078078570936627989436474355800763988659548296974472020233503111073944903824898805087210896741933336645418894770600000000000000,0.000000000000000000000000000000000000000000000000000000000000000000000000000055274064634657910150655176052612565094440038742268189370482055285485291825961823
7,B,7.400299424685491941412237920136078078570936627989436474355800763988659548296974472020233503111073944903824898805087210896741933336645418894770600000000000000,0.000000000000000000000000000000000000000000000000000000000000000000000000000063910233189752354776041527915412964665556039106704470755505758755654203962492347
8,B,8.400299424685491941412237920136078078570936627989436474355800763988659548296974472020233503111073944903824898805087210896741933336645418894770600000000000000,0.000000000000000000000000000000000000000000000000000000000000000000000000000072546401744846799401427879778213364236672039471140752140529462225823116099022872
9,B,9.400299424685491941412237920136078078570936627989436474355800763988659548296974472020233503111073944903824898805087210896741933336645418894770600000000000000,0.000000000000000000000000000000000000000000000000000000000000000000000000000081182570299941244026814231641013763807788039835577033525553165695992028235553396
10,B,10.400299424685491941412237920136078078570936627989436474355800763988659548296974472020233503111073944903824898805087210896741933336645418894770600000000000000,0.000000000000000000000000000000000000000000000000000000000000000000000000000089818738855035688652200583503814163378904040200013314910576869166160940372083920
11,B,11.400299424685491941412237920136078078570936627989436474355800763988659548296974472020233503111073944903824898805087210896741933336645418894770600000000000000,0.000000000000000000000000000000000000000000000000000000000000000000000000000098454907410130133277586935366614562950020040564449596295600572636329852508614445
12,B,12.400299424685491941412237920136078078570936627989436474355800763988659548296974472020233503111073944903824898805087210896741933336645418894770600000000000000,0.000000000000000000000000000000000000000000000000000000000000000000000000000107091075965224577902973287229414962521136040928885877680624276106498764645144969
13,B,13.400299424685491941412237920136078078570936627989436474355800763988659548296974472020233503111073944903824898805087210896741933336645418894770600000000000000,0.000000000000000000000000000000000000000000000000000000000000000000000000000115727244520319022528359639092215362092252041293322159065647979576667676781675493
14,B,14.400299424685491941412237920136078078570936627989436474355800763988659548296974472020233503111073944903824898805087210896741933336645418894770600000000000000,0.000000000000000000000000000000000000000000000000000000000000000000000000000124363413075413467153745990955015761663368041657758440450671683046836588918206018
15,B,15.400299424685491941412237920136078078570936627989436474355800763988659548296974472020233503111073944903824898805087210896741933336645418894770600000000000000,0.000000000000000000000000000000000000000000000000000000000000000000000000000132999581630507911779132342817816161234484042022194721835695386517005501054736542
16,B,16.400299424685491941412237920136078078570936627989436474355800763988659548296974472020233503111073944903824898805087210896741933336645418894770600000000000000,0.000000000000000000000000000000000000000000000000000000000000000000000000000141635750185602356404518694680616560805600042386631003220719089987174413191267066
17,B,17.400299424685491941412237920136078078570936627989436474355800763988659548296974472020233503111073944903824898805087210896741933336645418894770600000000000000,0.000000000000000000000000000000000000000000000000000000000000000000000000000150271918740696801029905046543416960376716042751067284605742793457343325327797591
18,B,18.400299424685491941412237920136078078570936627989436474355800763988659548296974472020233503111073944903824898805087210896741933336645418894770600000000000000,0.000000000000000000000000000000000000000000000000000000000000000000000000000158908087295791245655291398406217359947832043115503565990766496927512237464328115
19,B,19.400299424685491941412237920136078078570936627989436474355800763988659548296974472020233503111073944903824898805087210896741933336645418894770600000000000000,0.000000000000000000000000000000000000000000000000000000000000000000000000000167544255850885690280677750269017759518948043479939847375790200397681149600858639
20,B,20.400299424685491941412237920136078078570936627989436474355800763988659548296974472020233503111073944903824898805087210896741933336645418894770600000000000000,0.000000000000000000000000000000000000000000000000000000000000000000000000000176180424405980134906064102131818159090064043844376128760813903867850061737389164
135,B,135.400299424685491941412237920136078078570936627989436474355800763988659548296974472020233503111073944903824898805087210896741933336645418894770600000000000000,0.000000000000000000000000000000000000000000000000000000000000000000000000001169339808241841266825494566353864109768404085754548488038539802937274957438399463
256,B,256.400299424685491941412237920136078078570936627989436474355800763988659548296974472020233503111073944903824898805087210896741933336645418894770600000000000000,0.000000000000000000000000000000000000000000000000000000000000000000000000002214316203408269066497243141752712457873440129851338535626407922827713325958592909
1000,B,1000.400299424685491941412237920136078078570936627989436474355800763988659548296974472020233503111073944903824898805087210896741933336645418894770600000000000000,0.000000000000000000000000000000000000000000000000000000000000000000000000008639625608398535867784688927676209738783744400991931886084043304633383955537303020
