source,d,puzzle,q_d,q_x,m1,m2,k1,k2
walk,1,,1,2,0,0,26438641408296132114761290994571098985836333119158771404572048992047309067915,28627621613981211554817427900597435340414270334618822770928138368341807661323
walk,2,,1,2,0,1,43002745584936368668822830014367792248599390239138221602551968702705580194059,46563146341610635562430090411567900112044755590483988231132361210591608792536
walk,3,,1,2,0,2,54115587464026645849850592994135041883052376170205019126304837600514396994785,58596072975683960206898066179794631219062601171334389418325775954695378893334
walk,4,,1,2,1,2,49639348732995618254631571552324863737951414688314781387671358766621165003894,53749225262639462105117592701891734570837420615708820090131736467665329989787
walk,5,,1,1,1,3,10325467781718383863231881137465809271918744343096954594309546685701600760176,11180362110045264251097174850153427222183388971478252376520839113456475577971
walk,6,,1,2,1,4,55589047854519142281108019731958507997616068372916634279455491325120097724545,60191528122973490758396738695871821244112576897125671944085471289030830640339
walk,7,,1,1,2,4,20140427026031188554803229628355787652898890401325330837785515463093031454220,21807948265613231050406979565183067700325602218531061254532778523230032507823
walk,8,,1,1,2,5,10208426682096969471344373122873293491852433373001428640508622613610584277109,11053630624054658482251311967407137786331396114174447737482566633105771669899
walk,9,,1,2,2,6,37532886710400171054456315385348026285064916747193923099916008486315996863054,40640411972477598034267679050679519395673293854175117978831097499377658622574
walk,10,,1,1,3,6,34803703479015316479729969325910475301317959456360117589137214162753736922743,37685266749365192807692745900665060397575197816702957038654573270098969260367
walk,11,,1,1,3,7,25906334338992742123682198107284533763274210072069176521231696121949421498013,28051242324019549482720147233776903370248548335648912832082832221694400469549
walk,12,,1,2,3,8,45185086262993822950416395059535658118023708773962452189652254382609059647465,48926173329246392324772378225501186753034517504030514051448862639706464475247
walk,13,,1,2,4,8,52669152186516892164059451648610087724352025799958810756324537794307041713096,57029880478339153504155444414752409296987160888511606102305641009156296900318
walk,14,,1,1,4,9,15988762356857086171326186275416233881830214231322996259231097399715956442208,17312547636594666878985368420287294548531045572114473410359109769384804835203
walk,15,,1,2,4,10,46814865737395439153660696077658184963972230988317106157165606208711440480688,50690889956960943664221263755058828791648320374337022797863584716035585068636
walk,16,,1,2,5,10,49961660680714122846788986846145395039534478840998357686399550801022934719853,54098222941395198527305302789899033810194050336858124546226654539696853470875
walk,17,,1,2,5,11,48426318862915078266539559481242289914504015886002740769050810316308472972961,52435762910666042232682741731548791279490265554451292824739807977579274077073
walk,18,,1,1,5,12,18677439518678724080196558348355182396939546896307206594830114174710663177218,20223833101007008888088821686816394673539570386089997307792483812848106750921
walk,19,,1,1,6,12,9404851599376607854053582753059424088948974692886947224534322177638665331249,10183523758452871443539678991789166346023926279184201035634511417019659172154
walk,20,,1,2,6,13,16695593923449223698420814655089557688406378080316676267735260468888501601510,18077901132666057393365951292508046036378265339588091258034242367129388537775
walk,21,,1,1,6,14,11546925520998878413458668536221728785871914768080876850169482370727921825535,12502950114382678823599475095403107955550590439680732859543071800615636476629
walk,22,,1,1,7,14,14359591428304357447830900099539337222030532105292420482896285704752264129070,15548489939118915298255214469882632985858133215705782432450347480264514060237
walk,23,,1,1,7,15,10344296200432862156777968307437803659466745415368495065778790709396937499978,11200749422623986669705375133644027156252785478213870292665772208698238494452
walk,24,,1,2,7,16,55257600072544686086261149979392529011040919992557496447608575092460431080609,59832638211021332874565318271215744115346496644076239992081266119296780790315
walk,25,,1,2,8,16,31767490690374309353137716391486947419410566356230709345982016920720516489798,34397671539368088365539903670899876833438433319681809366072467765052279264460
walk,26,,1,2,8,17,22266166691329998714642344879043184307759497571279634263705525202429312239908,24109687974859783614768986588395548615375814795175043510812518904788604437348
walk,27,,1,2,8,18,47543566674511332276399555555735117110591966775626598571510958774597486516763,51479923492207629190749029087294536157060278432194184793157112583709748129036
walk,28,,1,2,9,18,18658832435725362064455882391554454739665590703390714516236571099054798037099,20203685449624224135013250598523522785856808912006612815395146468477443578107
walk,29,,1,2,9,19,42629978757981713085522517979379511499936540374274154285162146407466842218150,46159516385460402940279466784450706817664943718007062015891537811534898170163
walk,30,,1,1,9,20,23707632800894324193799948744307137243930091766504938441613440549494192013946,25670499883335398080513608251266754283779281416941324389938919027960822990725
walk,31,,1,2,10,20,23050472733526049545004723683120707855681444107452434748645086956625186658259,24958930424908759933293986454113056345306592331415824707629951347595878584031
walk,32,,1,2,10,21,45823449735890811782225169568997093342039560874281726203134833474350580222232,49617389934217157673748826274669306321623080937792705842761735506124662142283
walk,33,,1,1,10,22,4906600189862327993205903646032679204639534607814471088587011650591483422203,5312840833129612616842589874080423035955470478026503092085092388128173650089
walk,34,,1,1,11,22,6059059213063340743045507944169256241107501672658338651846408968477917536537,6560717391244449726505152701224269517340918224897262575022344648842296990455
walk,35,,1,1,11,23,20925887425178022536760879328789038369216243377295583729320088955200053684209,22658440647286308129206883977508557392291907917089692154529182573635592440967
walk,36,,1,2,11,24,48693756169963730386542888387980109563518148856759657624621513403044667205303,52725342617634212380118122495861104112468423234446921255557403171037257888320
walk,37,,1,2,12,24,21459851795326275354266955427795196845305104532609062246161004230414495346029,23236614453870612423214878450634102329017431860383329959473506711429843813838
walk,38,,1,2,12,25,39654599747177094351494518480088360832407238957634976804369027856971237619631,42937791669576609978985938786516838634182759518913666870798558652612456679494
walk,39,,1,1,12,26,27965288222458393219719444667218196029002574784296862737727020979784258322751,30280666740585683115502748365201441659314798691308894539857135738674666146351
walk,40,,1,1,13,26,31677596161651227825258153389023003846977942264436087459453762901509333453861,34300334217313256141584551769984626990473207440383178174873984324624483696869
walk,41,,1,2,13,27,26619380871689408752163859274021605678910165277032834651085306962405447207321,28823325352642803604793090709925555198163733683415401743957661774059174313824
walk,42,,1,2,13,28,55279955869875962843226571330995782816848679586908562840970318825585777932078,59856844950580870894767555440390232209438415447717060803215959283340912847487
walk,43,,1,2,14,28,46291141356123589733682845810245740677078270039597732122489983420691301756601,50123803956378390548726512651509236825669087481465005755979391811048373784846
walk,44,,1,1,14,29,20200152892236475047979819241491290625790753052543267005262955026062738891769,21872619118849876246348692147932559688907399392611056536274002314471611081579
walk,45,,1,1,14,30,993739478090641716234445737565018130565076958577472068557601037286423564995,1076015870948924539069590616083821102084638822593039744453934383108120233631
walk,46,,1,2,14,31,54007131001560144682109175337351832116186735095433034410962029163520569327975,58478636889572981540389372672920114322574255115550266390337686813430967440814
walk,47,,1,2,15,31,26048242018265320799510453848798651355665899208555164837676148243195786629780,28204899211436571941167987689673826770800417907566255451478837754792136755934
walk,48,,1,1,15,32,24059822226107767673531535120868456571609309571994801452326274455450637282995,26051848737300801671853669707144949852352896614820565617863785158738617906959
walk,49,,1,2,15,33,52739845919289410700186626659898079476662463198740575677914581424346091423726,57106427279706054346027932150798429892733232469937901890064460200045225372992
walk,50,,1,1,16,33,9003466388361625702269444820332025256731304787736522194655946237042018129021,9748905966829915132952716418908895626609349744925462246333415903152363472412
walk,51,,1,2,16,34,15251896025778669380519304237836627575423925018406579346970449123666757606851,16514672655788117431066251845436942129557178726294289027974390331900381755030
walk,52,,1,1,16,35,9367788576576777524432701525621796669356010239715246614561149866755389954670,10143392112647086440244172643005624789967146677581745183736774095446165642278
walk,53,,1,2,17,35,52431667947397270598945692092040673785739161417388118222257652165713541600750,56772733795504405503992582086169850484407939615188034126758969583020955065431
walk,54,,1,2,17,36,17343378838535559155960101011660252486825135691760500315098159093071186891197,18779319225598680761156933932872385543100253510888088818449819133748132921004
walk,55,,1,2,17,37,44077405263021031603402087615448495718145850542173313512553554637442567118098,47726782178751530061079423215469254504932071421829258889684574208180384507069
walk,56,,1,2,18,37,41023483297774458925558478648761698188890904025717727425637409479855122357313,44420011565634043755350082357777178472045927153603243761197056177528405943508
walk,57,,1,1,18,38,8252990162015840764760129123087941697444904818378835094857927090382619754707,8936294263137224071241732156568821527191224471172887070604091747018352418892
walk,58,,1,1,18,39,15057585560612731260781998294474717143884119545158705347918013013153383518823,16304274307911525673558495098273607295366841662321032849893385377982982871763
walk,59,,1,2,19,39,25671255778675570143297105663188729913939286298000061739746223856139994425913,27796700497516779718651116273982768589703890971204399490638021148037144410618
walk,60,,1,1,19,40,248973066349918465231615501602039360775823647965452941368789792278197579679,269586724426073460921815782746885630915929246353638467257515249812929810930
walk,61,,1,2,19,41,25474792697052774989336938740470013000369121810047703397410510404523211390024,27583971307882653660763200546906574679283856595382699983177202467341400166350
walk,62,,1,1,20,41,3586861773099852571052875605479804668932961806800423839236927174152306254194,3883835029047124303995920270200502843055025303953693991681019759447378071846
walk,63,,1,2,20,42,49492489484513904676799839875661436114635816996541592625144736668513677575398,53590206842172179575892166473181181343728543488397450424895352731183008068864
walk,64,,1,2,20,43,41509096764428499000991245438852706740772207588993646856401933854996313389385,44945831268671555821947398803874499360829350135298269215940458461128847341120
walk,65,,1,1,21,43,5302999574534790655828282316707674851874339981468446487555657294396338053813,5742059998258777907570727510742846802561889968878522786270797908833347372085
walk,66,,1,1,21,44,1644350755378429000694381843619260011871895545274259649748577313381510342371,1780494333981421215967654590081894308302675993300473115961608396831531921470
walk,67,,1,2,21,45,48561644699845234032673981262395069762808039035379123134841492627223263052281,52582293013873848930416687420616458210338403298022379552943618683568150320196
walk,68,,1,2,22,45,24518334628912485424959910857920511084053844086381684705764735600708422598192,26548323551195436089002404549492126210998287539542180098113068715406062697143
walk,69,,1,1,22,46,20601416224541353482040978903077794435641864391448904144139105627473792823798,22307104940847700665615725012899899132052752955619587875002468957918367645516
walk,70,,1,1,22,47,41706033574567560346971817499254357615988266579242284048019957273656543824575,45159073409047060208811013176025008232540524381029230195081837430255809202560
walk,71,,1,1,23,47,8910263099503509363459659548455048384657715033146565110822749032058173879071,9647985936734439060848033509818829417687870306975109966631594623808061037722
walk,72,,1,2,23,48,36689897361333112324881943620958939488862617884270893896022929968314238816609,39727627546945978146398197991192335330673610548056302128593820398614997517289
walk,73,,1,1,23,49,38055222263472252444845398656709301272340048103893362475471638924097185815476,41205994157203058356609588214384776941839166944953146397925506511724652961680
walk,74,,1,1,24,49,8567478925126545654101165818637783677594174890133671802117343374419497780983,9276821038819320099455812357339264605933492140837817068989666351845649711432
walk,75,,1,1,24,50,25718710193830223225814814578367395503219872420910055552269999950896272065341,27848083888213016505816643944335523507309766860192200368818692205500280267100
walk,76,,1,2,24,51,32644012554875686625595725048758125607198104970176882299962762938593128912970,35346764795932055975808298036730627731780027240030688080968569092945782076119
walk,77,,1,1,25,51,19514390668430199006883725586927087940420676369140948446199054442206119348206,21130079396134466168700853467100867899850542927103887722574849131693634647631
walk,78,,1,1,25,52,9962066247833537767786869140935439216245350339387664031206466190183325575470,10786872843886099704108403480693960880336103642522376482776566460855868956543
walk,79,,1,2,25,53,52387007038790413266103157235802965712822459663522510361035839821595034731380,56724375198979376831543168517998019719874491928638072845733125619147881989186
walk,80,,1,2,26,53,50683082450510801743185900577576437803627417407445598838459365942436529862141,54879374632621943829522243396603926830237956565834566624084755391729901862959
walk,81,,1,2,26,54,25914648421720100150484286009872630067775154292425250811280951802733658834123,28060244768990547766908570261454069671871612021865928689771887402560837733727
walk,82,,1,1,26,55,49374606996339341401758994021014548718641014670071810835482451038518477584812,53462564305089427932012270752321372628309543136255902974066829825202768273458
walk,83,,1,2,27,55,32260897436434867580885621926355273859734942186855465718441434568773393028754,34931929764284861090127522072869368019092146442714055141208547139488828132997
walk,84,,1,1,27,56,29480426661999320583093143671959469393377936139233990414629652487259572224316,31921250659786808041338015360304280359090851876713196141903633446412845834812
walk,85,,1,2,27,57,26360473899214243051618939118601873737510311634364936625503391493312459345912,28542982247005207234736817996459001610890658390837868858196796928805137278897
walk,86,,1,2,28,57,15958767270221953704034075184792777365183299720174605458185589321090384112231,17280069114827670520243097923020668897607056534310116333961057729167805989955
walk,87,,1,1,28,58,11526808673262962320729910466839092532137162910011246197009933401879082924793,12481167697648164971878146623428947262231578739185398662579656300077810240720
walk,88,,1,2,28,59,36632580384903224753222497910381994300284764211999454112714131972429698208435,39665565026865902388829244233602522110025624486797446251830365250030795076169
walk,89,,1,2,28,60,45995307353939857916670789804665648603149664831324798909117479512211643237415,49803476457537694193861349413430346985111943091618698690187516157741845019270
walk,90,,1,2,29,60,51096849872614660077787440008683516211700517792770752809529042743737914109096,55327399817171132731647303483095302086449772075558829194264707412113645804655
walk,91,,1,1,29,61,4808914540913387748930554127590108748999924698757470710909822099885769045140,5207067327144961235396761399637877400044472462055703388453988920447864488315
walk,92,,1,2,29,62,48235700204727387085598341999821148946428807713401711999240716756243587390781,52229362031933683627694310798539256821546125690541485785797315103287110691545
walk,93,,1,1,30,62,25025793087753495728804970161025643059114449343980024257367238098868685437038,27097796896673619326545324527885196362458101270805768232239941056166803481701
walk,94,,1,1,30,63,28855279143602123882248798868797644776927061307272127761337130422660402269319,31244344220714692932112102211543185411000566775448412063087400244833925871210
walk,95,,1,1,30,64,4744800483093904094116095267439606710479689701254712720618994399134185513119,5137644963149466584903878173949764204302608468185748715357787503241168069564
walk,96,,1,1,31,64,13693781006630010095313743324098792735810474155481590685953753191392817782263,14827553922627632567042225040088826242651206496502375363413166121774443631339
walk,97,,1,2,31,65,35141061914686976278662622407936467143672165981123177303573529820966862688329,38050556685997958084814951479125861752201415799456185606055489189952770926837
walk,98,,1,1,31,66,15489192064430516081778226669469444503662271594660896092810340023487606417540,16771615556147970845282346425097749918227348682484728980478949958147552836911
walk,99,,1,2,32,66,49120086575581138743113946204261588680844040597279101385630049183542539335382,53186970934538596388777075922301492279547917407856751470115870317265708724904
walk,100,,1,2,32,67,51519038669149934584413330994383772284022115499135061970806535538300594609138,55784543621583163340428862978081249769126096276059311700732982775199600030612
walk,101,,1,1,32,68,10655205493754231780219086891300393042445936960918061627140090759023989998868,11537400367278108143000213329652247697698020131731302265296759073136957842590
walk,102,,1,1,33,68,10486731058436062224581301037161929075555599435251127335834533733184628760956,11354977136392866697084809814080029387331109949446177983781326627901771455233
walk,103,,1,1,33,69,11457209645078216166823930992316788800006788568506511975900602222305754457222,12405806236640999986227276268499349299920693925032738680630766376630404462424
walk,104,,1,1,33,70,5321242917186360288623957597522866684630917177002851356845077612958791213575,5761813793559298154092286456455823081618011691042689960075780375183825405140
walk,105,,1,2,34,70,52576231553977243321505950711183665473837606425946113833429915437878070513804,56929266507016022267761565845844568861236969336397038068957801893443251928277
walk,106,,1,2,34,71,6901259548916997257850261106497109546478904021162592363736130988842223144434,7472647477425840282939987752777877437694754239205009889645432674523332520241
walk,107,,1,2,34,72,46847229766946794820924397333787055358295000759598460846894169310967045045919,50725933557635870546522730356427740177864247652575825143555474709586321896871
walk,108,,1,1,35,72,27449521930499225733136733575991974289126016683987853942993919714031721023391,29722197717180415615733794013456470898587362494572118275499052097678692596350
walk,109,,1,1,35,73,11037401327776073535714601492222435212226946999366380450486928350835450676873,11951240002600064755841862027164702562941804717778089483194828073542304046645
walk,110,,1,1,35,74,12970328041841756126996832417019166189598774859823599662340467878187129022446,14044202864166201042534871008462108722504667679955519775385578198720081401122
walk,111,,1,1,36,74,25274384461125425652503881382849783274733390999887900065902990612534822980412,27366970325954234183256135952756730418045868671705099563050759705916486909048
walk,112,,1,2,36,75,40938280085848451530526233131506797887166421591595579164994556661398563193406,44327753976688939719543069472188498071197074706138049989364487664224683520252
walk,113,,1,2,36,76,51692033334672724204258475904539304924055571949308439425038396714989840223895,55971861333917264212227256900367891143267977279503698987759790548578301830205
walk,114,,1,1,37,76,39808491156160764439230372884059922538206534292973445449423922092393246199089,43104424476383563698494630363338315762926758593092308879322839416156787334531
walk,115,,1,1,37,77,4978349105899277444459093235382058733483628312679891166926068182222004561765,5390530181375569619224233539863470159257904751352908677440004598760274493263
walk,116,,1,2,37,78,54807563136616851004322449073390512286750602863891245738598597494761910260727,59345340588004482856626118416978449759450525899859754322186146644285520257168
walk,117,,1,2,38,78,50957714054228466660132544043481968878781740473056460136509726715745207899552,55176744286117192231236335509782761794169596478500689659092550364331528087543
walk,118,,1,2,38,79,36430425592199765870709208676201523658430484671372991048579753134765804392688,39446672882462768547220241672854554636082488286822107677457777501986845695246
walk,119,,1,1,38,80,1639417526002187675813922870126708117993030104953936413396177483724049812885,1775152659205587312381984384511402892670652130860562305582601263071703699899
walk,120,,1,2,39,80,48071502287214497457508220237401080211237684987862579700636399337989134780016,52051569391995395725080045350658857001291216460293456276330574019998098604468
walk,121,,1,1,39,81,15920408332330481799808448617701806025944348571615336983612336886756066923799,17238534258988720894205431746998006438283596966351548428534987806117586879117
walk,122,,1,1,39,82,4257555915827744995092038608044581429268339925233591608307429248888613571636,4610059112963280518961851100771742690032031338308890616286793369347415889410
walk,123,,1,1,40,82,35961940573340232005501632195218777693061850153275994623836311296014910104409,38939399772448833320369128401129528930816492585996831444326468217891521676891
walk,124,,1,2,40,83,54084199571707388491978324622484708818966187327298266275171943703704624191962,58562086331260766468028934427247434094085223993382675658221896395685022930951
walk,125,,1,2,40,84,42585878233182186441310809791376364630755972199524140925959459621767090689008,46111764569569337977192549838952003127912063311117742012526400402902611068325
walk,126,,1,1,41,84,23881261419365533505804631859506554896567311949096490325166160026151698617981,25858504036581804373986276990632922608081700449216678129558585072831063121051
walk,127,,1,2,41,85,28690873344403452183076903841239606022065517797895622846443960914646962653460,31066326487582350880181957314351339301209398980641591015397800336481884725099
walk,128,,1,2,41,86,11509164643215281506286196096755076912242683624845300843189144892994750906340,12462062834877409105252183185824220212711116484647066266668203401869026108008
walk,129,,1,2,42,86,20540651231968729880873160545854419965718923539883391781585075110909819015698,22241308927055570077290478811024033224782509151944534432266574309193167490753
walk,130,,1,1,42,87,34280532792318359491217039764809618201767227792044124718891117233143841284257,37118780286350964245622113867825473345349497586219570261371699793021344758838
walk,131,,1,1,42,88,11920726256932944320863926188541292633430480659368961772352036491790203128675,12907699581728239683645065047987576818172005603083779280075893530863442895874
walk,132,,1,2,42,89,30093666570580079164551176573368673245168220324491361318622230012837765047085,32585263601689853313351079162652283472145857425933763292067129437889789519016
walk,133,,1,1,43,89,697599454091678495457140754627114172141224188243249165911646274967555143376,755357013299098177141750929305429373090950585249468059443750597052726509653
walk,134,,1,2,43,90,46465426060521007924711504699799404388398276072106688026356317717801584342044,50312518516008835643912111493390190161525624269558585440099534701962849870330
walk,135,,1,1,43,91,30125543199017259288551997638391466913917139552655155184109472751177065759775,32619779447006425360580864640111621832058838181173460805476782177838534572734
walk,136,,1,2,44,91,52635201366118535977669709142723823122951692156585655011675721318659609732378,56993118708895758607458564649521479627629661841840419450034033709580930206460
walk,137,,1,1,44,92,6559053700559631488452567036468948480447188138443140847695741116146062161358,7102108787877592041327717826666798187689005172174403778094491573039584675269
walk,138,,1,1,44,93,3282805170045539925060464457476972634158291851876782217210280454047660367940,3554604141307937999643588385352414287725133188975736549134844669244364894288
walk,139,,1,1,45,93,29039001759935825157733271044662746098174360209358424691768217262030337045555,31443278101662201167158179016466266781022484634749116389774343470769926118141
walk,140,,1,2,45,94,31998732585364393318058861405280492471622802117081991742949122045101251054279,34648059044869746008532715779270475615795055582130408246687449798644652266720
walk,141,,1,2,45,95,9093520303604317470150648458394573919566299771219901187046621320429277190454,9846415871768387496469036200887421123768991360767786332937720355155648562713
walk,142,,1,2,46,95,51991511576294720415315023343463298755098049401062436417166067104973666473040,56296134796020529886688982625359323904477652286935115070724227441322555987593
walk,143,,1,1,46,96,34897432196280182590591477770621429965484355671602532567695312325721542109390,37786755710571060564229392798260713548936224355922274546391691371227874900355
walk,144,,1,2,46,97,30889423428573609650685617284181571042995957664991464017310569239168572325294,33446904934750979542337680415312840994524439263497365098058374142706263161025
walk,145,,1,1,47,97,1066157109730373087017680798729152285254624471179142310855687785080031957388,1154429300926168954587207577718243305229900133971679073912998443260091748440
walk,146,,1,2,47,98,26809153771228033759258020710105608593796583470665696959814953295758321315889,29028810448366182750949748982650675187944706036124170327019239984720665915679
walk,147,,1,2,47,99,45667928207703596535133078215501486493514095664810462004508295080286075290035,49448992042925562777937933034407858041973006654323732915919111337948980486534
walk,148,,1,2,48,99,51422272702889438443595325019401664920097508147898013295687886366486130320269,55679765943167830450805384162784101684929932943540104675217931679112598704948
walk,149,,1,2,48,100,50818084602434886705533802405952855718164155432629374620564044783796954341235,55025554251410645447329113954240175392256770603677062903116163048424803079775
walk,150,,1,1,48,101,6813660406622301544181569067228681727085636753941451623052597031404586524643,7377795587701471053059521082161513116974433513601173711977929402341543173131
walk,151,,1,2,49,101,38121905462793666121920193339749945187190378614517377720029205008608095664045,41278198374080257792385831852960434366076056754503278347244954407766849330032
walk,152,,1,2,49,102,48996072107932087975166971820765455537121335295696804673340796152798453903231,53052688722389740792914819455541971612142355075503827688231800923311855590806
walk,153,,1,1,49,103,193142352347743681843647711750879220745401023761846786179551986590359244462,209133521471736535683896242495099022004547888454850553081145290687496063450
walk,154,,1,1,50,103,34452890808779572119735334903210152014108472870194324534176668353565491574488,37305408638435638559954369852633806577727834734609859416122759718702788885175
walk,155,,1,1,50,104,19354004178814605504563436084537485729194983094607310550285156384051913097327,20956413750241285570413040792497317948018581401005071579035399595606766969302
walk,156,,1,2,50,105,36645462445896009366822845008170631416072848427009786924422847992195988425482,39679513654634420986372152591614361457367703148870108248167835907925017144205
walk,157,,1,1,51,105,3740543031431662897317459910956597904995971182574667110092367311735559806026,4050240285835509937650886528986070014221637388839435352977535194271364500793
walk,158,,1,1,51,106,31557247199383152862926955740312006704310445999440725621349444222447546610969,34170020995077689363332551053875679631058848490349416145415775734552213896822
walk,159,,1,1,51,107,13109010649492258109633432921525292814368491396394893237815697921803841489479,14194367661023463144202154191796341957648059335344470274180539226651415994418
walk,160,,1,1,52,107,10540265906086879831394229907090402529077274979340770128501098674695446490063,11412944387358675909833435927827699870882172548756610166954477648078357910428
walk,161,,1,2,52,108,44416464411539291269476176457760867141115125336779915643520903046161272816549,48093913638293684333957248613101156784547501789475765141649856240338273467529
walk,162,,1,2,52,109,54657458446391158262822893086783467822584472962163969794740953113985903189379,59182808020316772391426381518019371916185785362484018681936752032817696938942
walk,163,,1,2,53,109,42825785624424183505962984386142152134636511047210251282640100343202271742079,46371535028754814577997649644875838443311553913936313882285292868448817342742
walk,164,,1,2,53,110,53457288165443777373848687391405950204226701409080221498646630254556568866010,57883269963700670900125551783975500778600116759318249664286045613348937145054
walk,165,,1,1,53,111,2623786790742919876772069778162490806524737406516233209237282085920886624746,2841022512510075998181473807484839481858549609885925821038441319458009011112
walk,166,,1,2,54,111,35942866289946887514504240560166648899573503001326265681758114647324044416001,38918746238891274375790884690230099471266576404641706687861297299879360945666
walk,167,,1,2,54,112,36222459972977721180335799190478781822060230110647323782203828450852741430360,39221488805722053865792260734864980885823661640440708739166137261428670671509
walk,168,,1,1,54,113,10976782726667150016592261046093352248003208039551176900131943475973728181858,11885602500713504617101076350448209504807251649966972824773806699408247993590
walk,169,,1,1,55,113,11399049602703887106525502939339508200458009693712674053662500903539395316250,12342830849198324750487783651643222445357436800796055692745344194637162021405
walk,170,,1,2,55,114,54142426146890875470711203872535980858475865540737595291941971181961345877908,58625133760078642263359167341955644060390539079419976342748190720289169491877
walk,171,,1,2,55,115,47428166086152598488793486183290225973991497958421947956449616939489054413325,51354968343168541594467806249270669644874108287432708245633820221784902767451
walk,172,,1,1,56,115,42776046885539387242506628902055077906505371459260680862641368761406407746566,46317678184359483516933641806635800215899449280136513067959367562033509205875
walk,173,,1,1,56,116,42570773042951941948763206359693166001172038947608035902401221713689181393355,46095408749175974079852009232637483248577136915531189588636893239557885493061
walk,174,,1,1,56,117,22844422599816948156013043099513034203823679891984047236606704716276810840520,24735820425788932258580291222441117811382843863806363143982496686227556267705
walk,175,,1,1,57,117,16995626257849871456538686795685927209288839750100169497839681885287344341104,18402774563510579890348947941298920257734459867723955028274670696261952844945
walk,176,,1,1,57,118,26202955414826623070583221312173283936719582459769547259293116571079236858435,28372422062061604120247849757174833147122718441031622354678134734563548588910
walk,177,,1,1,57,119,12043967001117222768993913068422247712790663204179015857124997814644809729719,13041144010186122031194459976258456124975213178171019850164317682519063193394
walk,178,,1,1,57,120,5468578944524925948889567005856047160773334112645444488376339917855068368653,5921348467660673432909543550494260388834327254878831215665302421058292484115
walk,179,,1,1,58,120,44928920794126063440991290257238438462382253884114536172755186368890945561856,48648798709270149264253464481262941136796070202108174562347816957152236202277
walk,180,,1,1,58,121,28319810959866486381544369570769939163460518612787693909570320107477686539780,30664542092701432624863478387171237656165762184369348549179428340084204797002
walk,181,,1,2,58,122,39301942606568097862138810247239675461781956933195235590936767440837944135695,42555936375845253678027951274499665360394317230797953247690377710942284327285
walk,182,,1,2,59,122,34847381929972966945353484642591671868715372648818336257577985760426441415205,37732561545924144923044845995559456261848906644616262446647461245232037235675
walk,183,,1,1,59,123,46071698983483782559692013342034181414612144157531090164819992260752549525965,49886192911506946795578018154452925644786982049853931265034291456909383437376
walk,184,,1,1,59,124,14419277363838045500090199596005520957858277350424755667866587025561766231741,15613117555634744967898772131405452021452009074814384854033886335591185736926
walk,185,,1,2,60,124,15694895683260323185185823929132483997237156029432681388651016514339672634778,16994350350782255687428417231451104788829439266783216290819337725439392537896
walk,186,,1,1,60,125,13573211387220559922458699340510869498393353759105641360583734105632357180940,14697001774002008162010126702655720327728218399333657050612846475818837720756
walk,187,,1,2,60,126,48630776476311273471874103265997813771088630977305524780264011228095875358072,52657148537181907301265731885157787221477338300604153691599666807174579171680
walk,188,,1,1,61,126,8997925567682567172954700739587830904164268131637046759083982522934483603494,9742906395392736943823019052023326315236116460985490889195516658238484018636
walk,189,,1,2,61,127,23778831922515119629911604441623429522014712514529198515791779378204248357679,25747593917084362886574622166427832187328291221864286612458811824708764773672
walk,190,,1,1,61,128,11021196780748333756271927295333010202143386383677093466253581592508529114448,11933693804458789132980040086270361628484447938236866058072595675162618081501
walk,191,,1,2,62,128,50238391510721220088489104435026817454075041524777788269178664775803954253726,54397865626056001942442071908537854216663429057551512077804221485110295561343
walk,192,,1,2,62,129,46827209371706985695726137183845975474487582355613497184073602832527635570455,50704255579155941434120940918833500729521210625509337917310360184545503164473
walk,193,,1,2,62,130,51163363806812226979881639410192088235916850106637410312981256276907561536838,55399420754664074221701552981031941688735150435938406805051792050696203932868
walk,194,,1,2,63,130,28569945121284835791030833848870762969605456363299858918657300036612818453328,30935386044749893315077334921848029448607903693141586289879934000238211237137
walk,195,,1,1,63,131,4323374497569335341365549670419907332214538619146777217771931344018065749692,4681327126480642726355822287642919735729009923056922223460617188354819175045
walk,196,,1,1,63,132,7335664813103409815383897910463853408010006396245744647256696570242407968780,7943019208643008515814887175186743615906126757816640761359700976897367763297
walk,197,,1,2,64,132,51704404338983715495826339823054508537663619071486394972684634197271001093246,55985256592203450589862533330982745822068227915942553927063397599642561192394
walk,198,,1,1,64,133,32118829645686555153553851746649641392596643037143606414268303335071347939565,34778099509005527685168056225872798679459829950500631263500786299880678811111
walk,199,,1,2,64,134,38744642151106677787729010108276206398025290824673298873774127273636295088009,41952494379039673179207184839497597543195196901256501014341800234163945809397
walk,200,,1,1,65,134,44595639772572758511499549261741445222286328894102323698487709561690070091655,48287923775161195235693849979726530072915179714250474814521720097990725922419
walk,201,,1,2,65,135,55384152933451111230395606359852919723079971335974672345731138705836085868558,59969668982014698251360293533584517951985551148691367996394842166565964381437
walk,202,,1,1,65,136,23465092607353199867289185279378687099653748206175164479740889820903842530628,25407878639692434774504061553856718177242765720319986482911098618290722553570
walk,203,,1,2,66,136,30738869181281148474157780686583710152002903975152629622496667207827391974472,33283885589040049636275181767821746581378852275189833645361513268210443885143
walk,204,,1,2,66,137,47474268806897514004526249163824324937022243039223795881909328190856060770294,51404888126279875835890735831264064938430506360847826390200955532490317542260
walk,205,,1,1,66,138,17993454036801782395272863275915431611843292008956097915976455032316522085193,19483217225091182029794965620566618729934597498960828582394565048752176099353
walk,206,,1,2,67,138,17877244651601137161080590399512137597152204920083143943213034056507346618931,19357386315093153538588871410342436664887122706523524751864761810196869642548
walk,207,,1,2,67,139,49988614237994087587002954879514874164797838057528060989935571088587050328006,54127408111201975179836513979642400352456727552678760129796155085030643602314
walk,208,,1,1,67,140,27259859840158230619126770487303623514447738439884681073022498041501476677818,29516832605072386010305526718003905543486598523015241243025682178952481570010
walk,209,,1,1,68,140,27621616072979402725440087594866999412714282730813269437756913931358737138286,29908540347908753796035006769548219291514725643394618625128713517082842304292
walk,210,,1,2,68,141,19475470862617883992671068099503987822955976643190746188918487680102761394952,21087937235465992335809205194739943156838210369689761863117683396314475242763
walk,211,,1,2,68,142,17503092769363601189400066183535576697635677099049110960575235516507745672343,18952256628380354887434532546879476283456433333175109633127875533439867526503
walk,212,,1,2,69,142,53124980472805903338136964195969164407608989454915795394415876677154534200340,57523448945012959315740500349563638051077976491132908884103915816668775439295
walk,213,,1,2,69,143,11014021083667575962589181866751485686290056774933225070011512561251124312465,11925923997467873769513707153123738680725318370993705100103304809514464162757
walk,214,,1,2,69,144,39091760651010664133371463008044495193919040772302684848829801629749137876989,42328352461798264787677705481201023749783045261256821001025632285801341568717
walk,215,,1,2,70,144,49252180087443974984141224387450133404984997420773461309730423250077515323236,53330001093194351568869839726434638765365945699920334663873687533483952082321
walk,216,,1,1,70,145,18403773216879026391740140101493222499537615320062504267647810461161691421756,19927508671342442831261008037628683058626906806796117450722849005963925182335
walk,217,,1,2,70,146,28713685050146017134250548124971850728709928806237111966606447772685376092962,31091026882367489649873441406725014814520019524136411237658170764892330256516
walk,218,,1,2,71,146,44879496146117658173536417730081247758685423314557137255064184459523280296741,48595281960820856629251235980371562526508750621077511967582394913371682637530
walk,219,,1,1,71,147,14199648474745834430873325807132059203932464228399984499959420384336050239253,15375304551731377381853702968536443779042851184670680038071035072374268239720
walk,220,,1,2,71,148,16318345720046797196909132395858821955855467840658343004343114245728925834997,17669418765710164506043991584445572063667370541758632651536277894616185517607
walk,221,,1,1,71,149,13828445463417435019254868443925335239717013097663392643490362891197513786624,14973367886901645251690256007925266683780772032294917180198605520919004349244
walk,222,,1,1,72,149,41213039205072043953172898030498456123647822803843199619571855082079580141734,44625261703302138219050346136114272944025927858669714151414787109519380134909
walk,223,,1,1,72,150,22435272140981169410683740720246087118747190113742379607070856120063541633971,24292794464740038585768004941674929334866872095552672506516428328994609153207
walk,224,,1,1,72,151,1897268498704234640422335893421528005132768214159041133718500857886900417725,2054352333852822463426061144515802223834387338297795843327422322442737533014
walk,225,,1,1,73,151,45862219319155618432731258691295203352103708492156307661348696279743767906570,49659369434702699099914143588506381652781763779832081321439671637501406340996
walk,226,,1,1,73,152,24599445177594286794647469485298017747512148932908580249001565546371198685152,26636149625943603573848771257421142292206726515172967136378070710221702550235
walk,227,,1,1,73,153,10618160282889034539412871528694725503282596886972600945281806459500158456086,11497288008141294300571464464297138755806011067179614233735468516558151298783
walk,228,,1,2,74,153,27446323158752290774373572838633706203832304595427342716081548772544047048707,29718734103986886954645146086785048932787135479945344811304571337010851129924
walk,229,,1,1,74,154,41289069648038992555332977103002592961595699008215585210062844273150993561850,44707587066348902093565601497726561868147732393268560630170466647622959749532
walk,230,,1,1,74,155,1351796119686949084554298645890635263824837294483316733785963084605918838599,1463717715899835943521278255318904416849269484356317923720097481146712589395
walk,231,,1,2,75,155,31940639646662561829563486008531475397439731915088779599270072442548668312584,34585156316930087679339014647351117621627052251394067334783925140398734197824
walk,232,,1,1,75,156,27217172886790666740255578535047938347404641735206617687068462197992397846354,29470611396879864343358366245394831834072531469445931969241346397459269272078
walk,233,,1,1,75,157,38239907034319632124283734059971359385484046827580582139237118246530640495291,41405969853988468399138738504618062742757067427967279021837446513187696889456
walk,234,,1,2,76,157,38944934802593217407780078331417005240762078982798263204998846070846514655071,42169370206744588347442728074460841367483880885267517121986083783316422928618
walk,235,,1,2,76,158,46454827953526197736950597171870885441976330198502679039935743839657872253736,50301042941595367079162323175597463290377082467404177227552388999305399318568
walk,236,,1,2,76,159,49627374022236649518239764633115487447818115657201980402590497104506640673847,53736259108923369196053260891904134331707018171760077260591824085435531121500
walk,237,,1,2,77,159,45969912323050671116060088617375353771593156366388430352012777627803622925775,49775978851895110729279460249807358552288050111690686922829398373240184766698
walk,238,,1,1,77,160,1378607411698506119420904178367520168876485280608971153636800673695216816077,1492748841623564164753041728354942665214611745109005469419972290259486822787
walk,239,,1,1,77,161,15254367271334514176080984957084045888691187501398383638094888704396801610038,16517348507455206431473044645640636630373131021851709924099203025338878631726
walk,240,,1,2,78,161,48161033586999633550906963325626604844915564601400567254208855596364947557498,52148513411670042586262494560338176570288779462500120735213118707814907609472
walk,241,,1,1,78,162,26390789971973493334307920592305760736374819136800547773082158939933356066369,28575808330856150153870092881468747574358955003582828877554313424295233852117
walk,242,,1,1,78,163,23131802992438899857399122299762766771784421680501509073470454705810697571323,25046994400737472950987517457759480431231950998843447658165365016628786215155
walk,243,,1,2,79,163,25328444000077545116038855102201854602406191471597102425149659738755821022348,27425505709896539822763998761303637101637829936719204850506440863578777835355
walk,244,,1,2,79,164,10034044434927677884290690362994429232907445094672647819604397715036196191629,10864810445624773327973774478124307683241737198787638584198701780675375271033
walk,245,,1,1,79,165,10512346964346977396138908734274162234883064506782621554285751715108893175266,11382713904345206197759379026135856080623393292685363426540042947652421959616
walk,246,,1,1,80,165,16466411449939762162161858296398119371814518839917557869115153373307130171,17829743557892703513655259825778393074608327938403417239976738363763797828
walk,247,,1,1,80,166,34340565975399455064538513834230918418064121168034042354543262165068779646741,37183783900681509394096532280169754578356941343162661302059158448920545034305
walk,248,,1,1,80,167,7411845746713430424489699845895466317442912555218554582124178309156849238407,8025507522165168537548224874064407419018213102480049039669625079597990975771
walk,249,,1,1,81,167,5088266700930621454259720422395489051260006247761387615387584206954976830681,5509548374129178620879853821359598988088625160788013383852442392679263869068
walk,250,,1,2,81,168,29392666212583868249711947512580690971613796000075294773001439214918743999956,31826224107561996853777147438534613431455004757131049133264452925972174719421
walk,251,,1,1,81,169,25588667055691837524653186952887383780342540518237784003907891764442725878103,27707273863422854014920690695697151266315738503942980857570907794318021051472
walk,252,,1,1,82,169,22955570108276892332212605036992158389264639299049568059127992248995117317670,24856170362322721717574453860054261733630267827335368397627903610260482534868
walk,253,,1,2,82,170,27928035540715867598556100434110432312655797780753419733869762485284480065513,30240329733076044265755286541439473676341725797323430360309125330412576880438
walk,254,,1,1,82,171,18747995406331997955533558472967199588339765217186879756077625066938793913218,20300230644405085658507059248249957765792112525418625005964587932815398531792
walk,255,,1,1,83,171,5911473457234713619834137552240398459891341996190819005996793644401204233365,6400912312449833776261227477114970612065997698158870616299844379778478062826
walk,256,,1,2,83,172,28342026782349084539844363394532715797111777341046858734958651389753500766665,30688597268232336866426149681261313422173422725953928422739714702655411389245
walk,257,,1,1,83,173,31414509639616766244307619113616908128869454829780372680475310877107179176970,34015465517434540427719598847533460225191776804455335840467691641615702272792
walk,258,,1,2,84,173,18322624642644777930404963807672607263600344007108508473582820269091477869891,19839641422726438992571038587761504091278801068241465013441284434067722452718
walk,259,,1,2,84,174,42299976956929767433045770427164692626093708100861724975966343116601643063882,45802192174032390674451095957063173374104703581113648502610889629255924879439
walk,260,,1,2,84,175,52660172640353544616793926508765527321739583618442422064887491920690453069164,57020157473065935230137686446451244620303142316611928431260332726873397446104
walk,261,,1,2,85,175,34086649175377679787810153963373873780514602483714068902270823787475623049020,36908844127483655808518962314025065285136522741085090338614862064539616738837
walk,262,,1,1,85,176,39372935430390700789715601453722151575762107319537888768833454271342633319746,42632807031425300945964264115397351257186750823688445987348096471916905990812
walk,263,,1,1,85,177,18955023055153558651226638487921331685542724250150524928048511825385153337267,20524399091738241431729512531287807877037196097580597986080363734891940055636
walk,264,,1,1,85,178,16151040635498793260653241653573035596349570078030017606900530213086125032525,17488261701677650015077356315652571890622270079224551538044988841715230529400
walk,265,,1,2,86,178,52353400080124608514164306563632236389385592479284106580785375753386239057826,56687985761208210809620558436338452351406910792846826595002354822994308064473
walk,266,,1,1,86,179,21508618230041683376649495140901091282146165199594576596091121907410558563517,23289418492434316725917230955138804400104463195813862951449889583410774450201
walk,267,,1,2,86,180,32364773771166740424759454109706546876081847680832470222866660599867646406828,35044406512217082307987713569766397953988495150465136912977047156776874187026
walk,268,,1,1,87,180,4536063580727661205571131207549687231020111478225902949417799047056299394872,4911625745084038475398596083881259520703509367496958387912537015263396793254
walk,269,,1,1,87,181,5768915343879024865302601779232133323666419585888955796956655575992791796149,6246551138434700823144868816706484752512363683308031305437802082823639362576
walk,270,,1,2,87,182,45577906641523847966483292740353681341449058735298595247274939800834596222491,49351517165382000887283023058931579282219251700098997851588986740284448749100
walk,271,,1,2,88,182,42905773199470859830888791015309947086387553582227032249201346775596315917782,46458145153567719916553178815319183365307468079760687817466147058944052721776
walk,272,,1,2,88,183,36535768370172108146916926199278072632694349248954875893039470910406108496069,39560737487409207080226971382520140247444805052396223933567767432238895059832
walk,273,,1,2,88,184,21908088414456615980474541356041995377072401367891776789647521542353681868245,23721962703344849413529699905658516742793578847132510251351716274808335759346
walk,274,,1,1,89,184,7505812020457338060419271478472932387479212445485936173792364342343913039967,8127253708274877853278592215909355151372359005187880699244858226091828967240
walk,275,,1,1,89,185,701702944301533112129211008390862245827978610208278406678927330894998010248,759800250877392674372284677815248728236311663439014811520417936343912157013
walk,276,,1,1,89,186,2548022115012606097774253901621794391497972946087299475010994211598633209853,2758984920826835656822550776607092481503309094710271937173569213891544365954
walk,277,,1,1,90,186,7154238527550638962030210413527991847644174662425414870721689523693158553308,7746571782565922864171071706826233214846350525408164680184342625970050735031
walk,278,,1,2,90,187,36961900509560840690242921038813574946459067545707875077965038550189584919554,40022151122685828581180339999609041852746568458876827089360309645557266399682
walk,279,,1,1,90,188,16740587271155717261661949593923635595877665315383171623296075403207726486622,18126619692496579225526052947293616659369862970497704941585454691601547806252
walk,280,,1,1,91,188,3344751553507518618237277276568394072693715983776816101649805056018535140828,3621679358930415554059210834066452872492080402874615870894808268365743591010
walk,281,,1,2,91,189,36702540943080696322764296077224143102031769749548832601506872432321343348730,39741317950644320096715997836664748040201019548733308869631798186306098108900
walk,282,,1,1,91,190,40727498555053017012453361509031558187169039749230650456974302102943854815741,44099520845733353803638381231269633897405144456383095640966585416102279632087
walk,283,,1,1,92,190,27372235012843955177062204919855494532494431540755118260103523088278526801877,29638511849961393519519201793317229196947321884347426647388454929995753448090
walk,284,,1,2,92,191,55203544623596283429646165286705699940937126558946660334720346610671109276977,59774107255713501916677678279922705655561456256192388168371311759154014801525
walk,285,,1,2,92,192,26854052821186706163891265323940696889124090783662500201090491612046345033853,29077426903092210534772509698684128360797913526720893020624621997457461549454
walk,286,,1,1,93,192,16405538910101901176891494858311210770637204756505540805407935484786351032770,17763831092488431152819356664941127466909563203813802574082233872823310654392
walk,287,,1,2,93,193,30407577320641512624583877141443266873283861539096485308450915248670480139595,32925164507887699153855984251367792892962524040354834071455102215807990784698
walk,288,,1,1,93,194,2395469767486820164429555472390625224138180372348332135962827444169822382058,2593802042711079542123250577414274558659752144417958968720330535792730878501
walk,289,,1,1,94,194,18180483210939660562579249116695729074234650702881776021852701335842993119007,19685731429407085049568616906488534337978949157445405566724792052682608185257
walk,290,,1,1,94,195,13769919298903384594519757212411173241811814720587347022338696876652802314479,14909996064335145706905245197526946951976210244486487980032147752192754393111
walk,291,,1,2,94,196,33850475346335386577117194265291286027496640400801471153374484899739454595056,36653116349776201246566949176649232960911186172134986279082348841875369777985
walk,292,,1,2,95,196,8273645373441083421378571740110445887110769380410993594276386603223124121951,8958659617237948869078139865356727326240588989615576055358457955728488098566
walk,293,,1,2,95,197,27073214667558156804967056594595756825702250250049656179922896813500429071796,29314734195598346552950494087716570753633308757386218226423377473407628519806
walk,294,,1,1,95,198,38620821400930782441742876153923907495587741127817485920587543393232862615443,41818421923150069611976727414198361504981230369690620515565504891786341557589
walk,295,,1,1,96,198,10195456021606504970718251811415703923333134798539095019156563326894810742723,11039586061216875216592126339932330663847155865137347177846639941205350520918
walk,296,,1,2,96,199,52304247097789200846135846075010151912427271698843147476205033181835022137394,56634763170918256969325895829175108611826796320804446893389965103393652724830
walk,297,,1,2,96,200,48446314950195274406044777269515153256414665646131630742301839449029906764740,52457414568615378947360443862381251766667636591266633040300584950082773314610
walk,298,,1,2,97,200,23180215854934973421059145145995043797655199176425188010253867208555452664264,25099415593165023437782283436473802425061301155765702194254101933603834061234
walk,299,,1,2,97,201,48066501347524808853971992723670278180456591486185279947452218016691668609438,52046154400848920911223288521409533899326008527658572137081334315649386799485
walk,300,,1,2,97,202,29025394748469304590161277309012823568097202981841411958707281826087437710540,31428544501340422814046019655282045903669216593902958273485946209854883346999
walk,301,,1,1,98,202,4893389490586267065688809847695938274946608393269805946250872259277436313978,5298536357559529203490333327022313882251386452181115542168185019419858640300
walk,302,,1,1,98,203,22000976714371785566366321726429380032302475545638282302766960932236589967566,23822541665072552321227572756344295862459048899898543014809091317909974373624
walk,303,,1,2,98,204,24310329683526567307151262404377184577182053409924131533509109683547735029992,26323096892291685426796774625257260643690422744110368412976680356944144824901
walk,304,,1,2,99,204,54258385722891722834981981965358536969826623804563393674841898188883523590891,58750694177991352754306992130207544078140152566795046610898739174493489647135
walk,305,,1,1,99,205,850231387735960670656611491819626482133484399665498050156132327088515457299,920626066844629626682937671138436048732592365290067066095665388680966126882
walk,306,,1,1,99,206,29272626148008263991268002844976104717813784130818857253758753360019872612128,31696245358120282047565985627787776992340794835820414880789883132943741484942
walk,307,,1,1,100,206,2499789958096865470362576949643401301623757657235638893252600636259637553145,2706759395449547552427769176875312405714793478954253795031810700389071233059
walk,308,,1,2,100,207,24954461792165802523903965093078939319207071593154711951443711692060411811208,27020559745649710850982511487151771182615126352738775343776172352345183553985
walk,309,,1,2,100,208,55200762473528666357742012323376825661712609219198392363689022950405532502887,59771094758279194959432352638634794273304709594782573512036310165803587304470
walk,310,,1,1,100,209,18699301752927186947583291044332514275110011153072535396212222982357051843333,20247505413061017353252435895109988869919083121563316381443140089728020216944
walk,311,,1,1,101,209,1025606688030231061231602593634338493919756336002224381596235848260204786988,1110521517965930542465787753617697732888539060582809471635854729541597597790
walk,312,,1,2,101,210,48994399404429124988965393094051475373939264643545403539367104444526393700314,53050877527850062995396013306444415890104180313293062554909264155348772834157
walk,313,,1,2,101,211,11716384654374447652529502442051460512162068582034673231493315094503808579677,12686439571136183490425765640849529109050393789867254353163396133578847850099
walk,314,,1,1,102,211,10228704853611733720956977623689783607986234816654529682898282802458624533496,11075587721326908038054248676172031473247281989054607777774563465907164483679
walk,315,,1,1,102,212,6396818299806970800398719594423244424358452750466537532743767621503082756042,6926441150746948448405391820490254494481046773983630418068930039332997022079
walk,316,,1,1,102,213,4202030488999736754990055328842959164136672862723966520998245766623145214006,4549936473352599330284090614712753094472352670179819869267945702893463157908
walk,317,,1,1,103,213,17509527407322828162229620426127267823844203492482913138022390976206719618046,18959224020459053289693748025949907390885309877618937442680204731937257289769
walk,318,,1,2,103,214,49202085496970668036886912272595122569792352135243169490917968623539935331221,53275758934573932475031605758768911613048268678049852187572703122460648376935
walk,319,,1,1,103,215,33747078453182026342944622524035982370875324190742260179477649632022412360325,36541158738659057146394431949412954917664772547914608829415656136070034539313
walk,320,,1,2,104,215,55184304702963704758247110643279561360518877161826697298791797848534460712639,59753274371026028532587450731231020615092900317688816295121906206951362452589
walk,321,,1,1,104,216,30244878948635390728030684964389367169878076509463430058136201301141496761415,32748995567923163377967822818636423764511535276957599836058990415040233418787
walk,322,,1,2,104,217,23554223305633475986165105918201022438147786531632199044086071246076063298111,25504388890168354041482911901436330032396544649195835689677834418751810877890
walk,323,,1,1,105,217,23549477210606110859190027300405165283740319399617713099274041784224367212639,25499249843479488536902158090020679666409498640234145925490331345059120888906
walk,324,,1,1,105,218,7721762611130747256978794502827125600420399687159705103763067678217113134546,8361083870031003969513669977871747871411146055340794427768594983322779294588
walk,325,,1,2,105,219,25942928622498954965157351341040422775848512546887015708494767621220648825710,28090866421387952389668019550038210971913559789699714081322931374366021665942
walk,326,,1,2,106,219,49668610461635969461459014790245209914720066458198434068719359817919750867962,53780909708233709353847512325168714235994557229497309375121225740161618815851
walk,327,,1,2,106,220,5764952755230128884803595055106525690324431685029945424352431227852985574877,6242260468324214162071806954649990999701203634655457313401825451221851343651
walk,328,,1,2,106,221,53405061225287665582179659317874517272461233171433520158173964076697361252050,57826718908078877332105269812717708884395327927891224907698771086972619976247
walk,329,,1,2,107,221,55188653693069154980020561594566794532268240676046361193792171419019163111040,59757983434597756169989903638727528358605809112351529672942816633942283922862
walk,330,,1,1,107,222,3973771282285444949450354016409209827435456522236331488015952935486232232030,4302778607000442102306458651674036305352025178771301173712861281865501622003
walk,331,,1,1,107,223,8039256582208345926345550887101544256219933227087647137874071847363577711766,8704864669065470936980533359787531085612166419827104504000660232161048276730
walk,332,,1,1,108,223,2858802018391000662419853007185733559653015880063549546608929342554977187411,3095495762732448189007789743762270466614176249032610546357556784800208890886
walk,333,,1,1,108,224,2394737778704565564909576209264262993014898980626273667522736851272665624997,2593009449114440037842711881452765991821993427331735739220149563315116968374
walk,334,,1,1,108,225,1372612689650945600385120145857390420805702510692249865104129285138289479231,1486257788176139192974746049295308042133029557317520413362257745977328524290
walk,335,,1,2,109,225,27847444683430332941217239639658629799898962027145647206345490566406524161117,30153066377433545221841170855678991509165797796057467224053612148804957733316
walk,336,,1,1,109,226,903462976411664048929407189328837494298573952968040866061273901864302444568,978264950590030543358258072125272598580266995097042058709820863427317838743
walk,337,,1,1,109,227,8342759524860443723410155053014302664436305458567702239588248414290668096249,9033496056238327921388377746918773245401799846946357620346765072067549948320
walk,338,,1,2,110,227,37339917962837326023360142212444776209089622028649825614540795733932266478432,40431466429352241115502282077285820934656299755983601930465090036796214357950
walk,339,,1,2,110,228,55060665119245087010970733937995520033587210272217925562492113692371202046947,59619398081221814707389070068038530348185106812230683986764511774568474689199
walk,340,,1,1,110,229,36684210229403447812558896856990566453963647259350453928608273794899512017234,39721469550457545162245266434100286430928387072029785500357334412481319868114
walk,341,,1,2,111,229,36309341515428377015741399515317011461522757934576799838872839549237075010919,39315563682116268416839071961747557374525791599719009582133617371877949089044
walk,342,,1,1,111,230,1372703328851497568547979398843858630472743780013040015499529800313841740130,1486355931824926731991901912097829269301486092471064487932602515945135747825
walk,343,,1,2,111,231,28374775577977750599011183937077870498506743624142442889474522032344334613071,30724057491588476157178787771378961107669967826526714497978777936888358040293
walk,344,,1,2,112,231,49923605118048552331538432810443278401955719347549520348486848991422878077577,54057016578652397019286370145989690734431780234488874434253439692640579231423
walk,345,,1,2,112,232,33729337622064470722045486001064433222462619896207457190031781669406335403782,36521949060199877329587093070633746387237492227377490681929778267751734857687
walk,346,,1,1,112,233,24503254216646426454485426320749185504137760656214053153907397258750188794317,26531994560251139318212959854503952419340160668734002523700132622550263614635
walk,347,,1,1,113,233,13804070615799817442013267083211976190915606751647841604182250872186654152200,14946974930330259252206776156574675803383082123505584408228120116651120965417
walk,348,,1,1,113,234,22879061296894370768348322278381826963199251095411803589348569204357307985027,24773327024476057373229973033351800753716227179412739354045919108424518653490
walk,349,,1,1,113,235,43294583288872533507543387370929930776230260927953447582771266260386990673119,46879146669765017268512921389494624090434429387980287703352522899804275356367
walk,350,,1,2,114,235,18709718107716708142672372904281509256265223976953429153622174177465131558346,20258784187144235694352422233695681119476221575767527805193086471206469757750
walk,351,,1,2,114,236,42825980964864995161028822561090708110563492147445687321988747760035547299225,46371746542354893499199418124795431337402683625663377835970722525066851885738
walk,352,,1,2,114,237,31319902720065039898067765632541538886014896116089984257903435677614581657626,33913025643419632532525702482406632769022260349023502331648444150527663948190
walk,353,,1,2,114,238,28595418563013484906121365627695509255464491351523222495634114946669988427629,30962968553236306621827822549686218896614872309892857726423297269492717232428
walk,354,,1,1,115,238,20315712800968542233754871798307220687480215543483754334195350701965371508519,21997746779149763936883527751750389043017276756461506027927330240667830153441
walk,355,,1,1,115,239,19872047172848447564566396585053925229234618134997304469540126897669009620924,21517347974657263781326756754392694617565425804035122866457450904738623153086
walk,356,,1,1,115,240,19232073555981191409565017972326929252828037531149281301462921382666180378834,20824387914279202715321154738555662552947175799066751453441942494641357789360
walk,357,,1,1,116,240,21818007423496962822430888758639431303753353252495380125577873847820530549621,23624423480962710874741549959593597481553171681152202463702413259543051897590
walk,358,,1,1,116,241,13739646965845000864751028384507406651006204888812170393366313203715055132357,14877217341601840378976619096781829505642281123044582937866197892474851473249
walk,359,,1,2,116,242,51534167456727210008207590893958989143520262327591659175062276203311793070380,55800924993059559943359387302678261961517186315748639105227226392469910503925
walk,360,,1,2,117,242,32401381329220887587201678596929850274919236576799513475066441047515839463935,35084044983196046049244910396214607136044613702061543819307652863416554827479
walk,361,,1,2,117,243,12314144816380629602298376455813825974896152065784693159024490669672224784983,13333691125009727106035471228454385629101941619863911321221385334528171350513
walk,362,,1,2,117,244,46469528856534817416333372659633372787155702142858416964468238603490317676685,50316961001915310138841206484807722581115714809759574086532782538275278786381
walk,363,,1,1,118,244,42519493150896110729391706282940010772502579898716048844576377622330662068254,46039883152247249536801056950878327962693695054140655641696222424795108960498
walk,364,,1,1,118,245,35986013026082130163270263301837482517975356309666170312811367681704338241268,38965465297442082857835175506622204879300950397161804396472736171871338070012
walk,365,,1,1,118,246,9827252605915763964547919549140374355831185928792761177703021910955980380525,10640897342738988840892475091938855520742735912124858188005532063845739858890
walk,366,,1,2,119,246,23895487506293991333549058201266622654687867013064412682098246674531828094501,25873907968551913164843381806594460347288057947234828473353680469090057832272
walk,367,,1,2,119,247,51789815734927419627297925497215870098992272812357935135573744339144484511044,56077739601706013013845576069829880544285432769574820829336498940342036654862
walk,368,,1,2,119,248,29166615670184749422523556645105071507847668714127979613057875287497534825112,31581457771293047097886322530454381358806439432795438823552470451639154970742
walk,369,,1,1,120,248,10332656785434426465308430155245123818948098242090955151255395691996940975693,11188146325390754491175594330949111486662853931734898012204238711874676755686
walk,370,,1,1,120,249,1660626997279970043803900539783061651238427148278812898904389904551716719505,1798118162954294739144397751918647404775733509477067039684448647418607900311
walk,371,,1,2,120,250,46028398056638884026347697890643232782645208545962365645094672083868681388913,49839306896068140475397769786489101014656848921224943336600794412686698905377
walk,372,,1,2,121,250,51817884158476216598168563205127335672660842928737175451693951263177683581390,56108131942834546967472920087106797640654889627605758873047966050060091590825
walk,373,,1,1,121,251,5256132617613772453868432856783279570446627937302289880114693764193997824907,5691312704242654191151705253984432682206773024726684420651598172873674262533
walk,374,,1,1,121,252,11845190401168299522396624590625631622525351453121256097600033294305308095438,12825909755098193045886153713460794374146963064525332424967332848319583446228
walk,375,,1,1,122,252,8740878961691365191712436233881012951042937488706560129940436439560656761374,9464577684781865899918860910950906566691564390697498748676968187526097437999
walk,376,,1,2,122,253,52032444095022641438255042413069460354530686076052306660343509159143649857264,56340456311629211104862405920501557265076954076095456658785063630792323770322
walk,377,,1,1,122,254,2802242821994954901467322794838923954762838915039837966414110878781708260348,3034253762880338687296730497390508852512154106032751969686022630356484728421
walk,378,,1,2,123,254,16365507240721261959488472608730809836710451202318363631894003795268302946456,17720485011806489140910885960189422379819686631080187740529704046395339994493
walk,379,,1,2,123,255,27495553038418645214776018479257656837198942565796340735882041674138145260908,29772039958301624553978415550116418374179726126121951056174872969789775531778
walk,380,,1,2,123,256,32168799776177464938294155751785073537506029531823025113868833349245168409721,34832206903012776046803936053180620445335921143276372450202483777561312016045
walk,381,,1,2,124,256,49223572650896710069636883604219090831596255615434985260133540501718909884797,53299025111631089537018168471288469407080778901786180590642583763640028653212
walk,382,,1,2,124,257,29628524782788963791248640435337415550997282908013502267147788294399384971148,32081610524661605408755310657228132124084750906968376434569843679674102397980
walk,383,,1,1,124,258,17431899769883090334944176080624711969243539203939387687728636480192768951573,18875169223652633197128249563308974188128153607337160637116022142808523950844
walk,384,,1,1,125,258,11350038144946042730359509254044812327576837270717529004811432357354927132565,12289761500975275646762360818512817974439882130423801438502782562381546770671
walk,385,,1,1,125,259,28192545610136814107266034091283183834819969578945304058957776872171322736165,30526739842564297429052285138942019434383052730066894106769229868237210486503
walk,386,,1,2,125,260,46406298025830429724032240726632908052923153702066943493227679274847393517233,50248494991586393885652053291447762162144523698584958332842521815596680044409
walk,387,,1,1,126,260,19849307267737818096928629287181082203872759967482269638700440879465553731454,21492725325218073414734445533186139714944530227527523910894983933662372901027
walk,388,,1,1,126,261,32317572422108761883069564611047035984366637712499009566671485627581613271569,34993297140156941271528973979635998686696939961673014017945184127702322465618
walk,389,,1,2,126,262,37941300175986122101734521731047723769743266805984049812240453192524202905530,41082639921118732159829471733420819032319671236487973163859927998604689408458
walk,390,,1,1,127,262,21057739748425265059324204539137613751606780448414311296204711389453254883760,22801209648179900449400027154049408895371771943212845828290510281524252838305
walk,391,,1,1,127,263,2423288534796439185590243393541588159765778283799529918024276170613926959267,2623924057379248808780450280109347785663738106398193402744079341640224894090
walk,392,,1,1,127,264,15658776618448629906589174335781352926349278844427499255011453153135503564990,16955240817712392238698843089238863149445184267729000112540394570976756280910
walk,393,,1,1,128,264,37283234210476351486606758751769227085739665653782635041927780586383565056752,40370089560957581374404601955070558396234496605971418941234141806326768352811
walk,394,,1,2,128,265,26339991405544799015366293922368070853308846473332436959275382973355226674904,28520803910780426220763318775929287838322223132452492765563045988537783366950
walk,395,,1,1,128,266,16197140849286935089520292804925514125018499062697170426128210280095227017793,17538178770269398647433838571075168814456326624034701243614685253161755882088
walk,396,,1,2,128,267,32930144933186457539821485664359939481575467016281707793753245602390799735881,35656587427560129904238582369440638491655641692562643564647289772034126357086
walk,397,,1,2,129,267,46296622895455146625188696782411874134286111089794470332250391405455605545418,50129739338284842272735856716539093456843294907357086486550391843342690224029
walk,398,,1,1,129,268,12192449946027726186458630366905333123834782775214851326109735068682546708420,13201920560591381722891219998403087616368644884382561352871640786105381768045
walk,399,,1,1,129,269,2575729162537036970521440601580098490012780802260770665620611631138100643457,2788985965900245111207478008629682856997749300973240269132109255356589204427
walk,400,,1,2,130,269,45135828818121865637348358467955731258947569185403516766301951030807369751662,48872837627472266626357427763100600710712532707670380679477096185692562857682
walk,401,,1,1,130,270,14868291363200518137624689895142923718861550834202822808868638773632567353679,16099307548328385088589371144008716715227095400490807671674460115879226683191
walk,402,,1,2,130,271,17852428961938282391773480947966925997444641586336558539495170533423432602059,19330516017077943431149799260352902665342108094909583310534511654563032081681
walk,403,,1,1,131,271,38518586058241164708334256486880816861506305688557259637693139552885795960226,41707722032754956655855351474489474601439491990812971865715626288933723857110
walk,404,,1,1,131,272,20440987253190644238920214553233935772948895854021229793090782777310258012545,22133393295955569342416869748114735164067393775072371438356044952191147004785
walk,405,,1,2,131,273,35165213419010126335669197205077697061688260579122954234564028961589749958522,38076707807626871213585972437597638865297827230845404956733026885682267867046
walk,406,,1,1,132,273,19706910039131246486887451175452155370667197686736578823175278807722533059658,21338538356361596635276259411518931043463909928950395734463415360618842288016
walk,407,,1,1,132,274,50527602673594856432484903322161654206343260916602075928279428826573390067232,54711021949386896172625330490756730690186645446436026358434333203093634405588
walk,408,,1,2,132,275,16837052166092807628441787672810327997338614090070196295943538124464594828644,18231071372469247185395015527189819230199689827734992168752019137723630939768
walk,409,,1,2,133,275,20365255955645839341046856112002411198551188846927402498155420452416285758273,22051391845995731236213307819451722545840864987304132482259998098850074414432
walk,410,,1,1,133,276,20856806936516949623656736104416500313159241601730256274502081140795357479929,22583640658143236490869140646130626396216025229355786499782254048512236152146
walk,411,,1,2,133,277,21542261396857453739037824814215683371183696934999298063298276591254325431017,23325847136199487890806809502573765303433870028700946330814078685996450244795
walk,412,,1,1,134,277,18380712873110189670033252974154424086510894126611856593598145550037929744733,19902539052612509309407292577317047591939085974478031599536676580518895941323
walk,413,,1,1,134,278,30023962071740329084712000350770403897450911421830199706274957960845209773997,32509787937613165863436301933827669793076358236480851708425898129757815036597
walk,414,,1,1,134,279,32421682683273030102744430600292730049733550926479062730426847217108141032205,35106027182397622000924976803199551064232584484451014312394357831358160498580
walk,415,,1,2,135,279,50182758528376999737412807181069251121625913649855545161540980415831499325400,54337626525899067020671277426027626657540688201453457271607881724437563221120
walk,416,,1,1,135,280,12308772305582244456107577336088051963746488125452431757351664397359269851464,13327873798624531807837683520418820988941076780213516636678939644845227874912
walk,417,,1,1,135,281,21106835403407720046514852530940436024098316576626886324579578014902752288248,22854370164714130006392385574932189839230002527198043132876891675892807838260
walk,418,,1,2,136,281,19259300867906866837914625842936998200475918829401738803482187538459759556800,20853869504173965277916076754324875993462795019712315996695792255991327279466
walk,419,,1,1,136,282,16454563990141245573304658431168564339122904597499005488198255152586286903324,17816915190846113851861148449161059955871261415134358624235105334879624829236
walk,420,,1,2,136,283,44667829706249542465144123178801788739890900704759680946733700385441766554313,48366090654983881120859813455886000942277310964240225295766803545644776551632
walk,421,,1,1,137,283,15127417115546489855258918577965578330780161559350649556863848629460443519041,16379887547657357939531409784364453164517097967615644207373723790217540243357
walk,422,,1,1,137,284,18424147488661138889009606408064195241310019848927721565024330461177541399070,19949569825477833047462172857675113533666607308510384299641166564915479989812
walk,423,,1,2,137,285,23130260725791161505713911067547799164812940604870948646332576430668495686587,25045324442537371844798537917191345530332053593123598502861152989324430632679
walk,424,,1,1,138,285,2526749813147121666865515841850565751004558302452548207697034367753487530811,2735951384448813385204473626631587973821366412834644836972378725948561813285
walk,425,,1,1,138,286,4605787519608598629246384781991429006257635540148413767248031172796441390608,4987122458734895680470630285817876226186316037556226459973663341727136527768
walk,426,,1,2,138,287,21677637852580267649757943314495377224456306190817531711338425989119083751850,23472432049169278773718274108517561305116048580881787069827606680568220152738
walk,427,,1,2,139,287,52930957024607426004161770541375980683551512593926328860718370582785712367723,57313361377596466444283017084178171199164110766228834247377658981064510403364
walk,428,,1,2,139,288,45820763403391523451303323634265991153236550293078776308317437502725625531340,49614481187540982571831849755564710182889376255975830083910972549932291850503
walk,429,,1,2,139,289,27414318896924038254964085965074933643065367018925322032412123764910743742688,29684080057906951049709129282012542535005003117755951933146654131234967529202
walk,430,,1,1,140,289,2865397716669521193655623814202131214659844840869506639627792609451979672650,3102637550076264721792735933976768538520041982219793789156548599522206698027
walk,431,,1,1,140,290,5548556207826945152307350120235433459847655502064499902763891327190317001431,6007947426970795733737791726706629970470773602401527241413095220054798728960
walk,432,,1,2,140,291,46810893015001484929906299012249407862372413573699074601395783770122231985166,50686588314084701766254856875605250635097507394866748089000904984112214485397
walk,433,,1,1,141,291,6519597152320324195051625769074682538920975252742102980772447398265587349308,7059385445337220534353845305319964918487085230037785666514965048137219780267
walk,434,,1,1,141,292,10995923755397507172524428595739790153043259047652300876338690833483606110968,11906328305770305449839714817617828515079736627162375387281255042542538505011
walk,435,,1,2,141,293,47885149916155284957235180045766382487334466746792761439985859701704845556786,51849788026487054827170932488767345059349542388129080345610569500497448316397
walk,436,,1,2,142,293,54489267870123685105302556138437521964760436771160229966786807067931418835407,59000692150515996143751654470448662036439134871708188710235809126851020946393
walk,437,,1,1,142,294,24697044508478008860358214921463166805201053097767729457602649773054809694504,26741829667182039154181731058427613109231231346616061556167471406281383554384
walk,438,,1,1,142,295,18497143211865884412989881821697021820356178865869580260956586839780422641052,20028609209955760179437464023664719944631436741535743111557645110989352606138
walk,439,,1,1,142,296,14663221638691287355511722720665794533060101866404508022846286171963509594746,15877259131124485771196436794680082753047538526746630510023896432915338350783
walk,440,,1,1,143,296,16352322924923917625865203586499115330803615671892290892054899836115656664332,17706209104128147781052597628737019225660849770906726133306567354696192203524
walk,441,,1,1,143,297,581931520129094874311151791205240145079895645597008026895160959069165343061,630112383848782915224377009087099936127081185459530717525692578099436282060
walk,442,,1,1,143,298,35616356689964490919625251585145843835752637271514738771582701444561409524439,38565203364381263518115369956866055142326675780103452471954669482056227278895
walk,443,,1,2,144,298,34993696014622689041852272063625507685094121845127859188121897178674653122087,37890989665866568298889249584367597312023299719676090706614377966108278032592
walk,444,,1,1,144,299,34404838827515803417552367384313228845972324655834007925915953299744867878639,37253378206304975682067238270221699845512105478236713114605333425296465827887
walk,445,,1,2,144,300,33777538786940940597580777180533021432828418197385836612356839451109648974876,36574141027560337446399233336342742151791327135193517508648345738766069097101
walk,446,,1,1,145,300,11920501502672714128909819354220712350311193679215964251353703053275295548375,12907456218999473248934543021644200420977751455704558414035493206914907258130
walk,447,,1,1,145,301,21904492243629663789637168571969146613371451298398153715789911745231949928433,23718068788521339579401736297940996174628735751418948221163464437006819250624
walk,448,,1,1,145,302,9628553297687677021333615823998590946714356989422089894754237556969611450819,10425746778719137992478666513896428337519488771191971801896988213387887413442
walk,449,,1,1,146,302,19357029123436315123788595623068699651348123386371463100063801525209627457459,20959689144339500367970262566013349753568875824236362182370663430013967703992
walk,450,,1,1,146,303,30695845644347324054658724306747747343237508923695391094578042695630939898877,33237299929935410843777257410399026575519388409402928183678395256384521423589
walk,451,,1,2,146,304,18207526938107562217193326832496006371875560728955447060333321078638275166548,19715014234693422428603706896319103320339740275321498118362848687293413220716
walk,452,,1,2,147,304,37987690953678073573436364117173567843026443083175400527823200232050804107300,41132871610774569718896126868866445306256102746585762989668838434366346220447
walk,453,,1,2,147,305,49737761084466000479224666911547451594633279668676799161940904854182014322260,53855785638285397939172005745401347712693810040483173012466486233571009618009
walk,454,,1,1,147,306,37657972187008182026831186861706408834727618033809456762254238062221149856530,40775853867484161885231653348109057025222549253705925620861469753916547497556
walk,455,,1,1,148,306,311569416056585727393773979890292023212133970550303280634345657117617257681,337365722073683699585737836551952347027371367036576425692649876637507332640
walk,456,,1,2,148,307,36596313110420491936794523043949582520912913896793677606348229891324990478228,39626295013145141305482271462178735920005404321542541654469990239304345912205
walk,457,,1,1,148,308,21937567353201058266950783234911207960501783653128378747363852751363661480840,23753882342895345174348624928569409575591620466504726440554728629606821305549
walk,458,,1,2,149,308,46707783950553598711139522694472130138780136151457728981533227214367577854805,50574942362373300299593289057267318079151994580967210714834550882841289597127
walk,459,,1,1,149,309,4749360187472634992363735065703231538479396880565227698692324987289344971805,5142582187026067202258125683617394232836455400740878326285762622338978105738
walk,460,,1,2,149,310,39827298128303509823034598518494140486128672965672742895271694159758367975349,43124788566727413859609108263933633973361858065588665829733383717909814040882
walk,461,,1,2,150,310,39126534382246224903485834614982120513456606790939738402937303627088077809091,42366005274760338564009033783525151646093637507953329455442866059932233818397
walk,462,,1,2,150,311,19092532995805401271620249095281033993605077917737231961625128371635421051980,20673294130948036475661214181553705145302846183346492479164552992519656275425
walk,463,,1,1,150,312,1935744468171631695687541934097424131339411410281877526086499264182976923624,2096013910865554560809100385006086747830383274227959992670386247938821113754
walk,464,,1,2,151,312,32849718637496648995349422546469970284007111921905793265491665081753746219866,35569502258346422237203571728926060379416862783050628184817993820943062532641
walk,465,,1,2,151,313,29479011657401658185723972731314564603875287369531308616995312975982230224340,31919718500263996410130585632778812884512887061891317984066968392303970217560
walk,466,,1,2,151,314,53251544607624798187781751408648007315201384783695602334263293481231332029382,57660491923339345616981349934554279754856644098027473509150160319348828830947
walk,467,,1,1,152,314,14631677574989777426596696949563349566011429925281917536551706466163490096650,15843103385151442495210965355497419121761323727817054280789010617151849519852
walk,468,,1,1,152,315,11507469439655503989096519252609210956922073571759399773860468305907199637035,12460227277394763392809825020849838783736751402079621400067436321277821252979
walk,469,,1,1,152,316,11315623694933854216422803998936964984793235293792978230921281503808595834334,12252497715828847563421490874310265812914192335008691209255364294856239900462
walk,470,,1,2,153,316,38602391996552336706275406409435271861405696548095976471681846214442252416556,41798466661192031116740274230666882505566118984018444874060429897262957358732
walk,471,,1,1,153,317,5074979136371271574123984450205401163482609214251786595950954269749297209689,5495160669235346479374415417160314086354731180957944047294596841372940160059
walk,472,,1,2,153,318,50363118628270049281977968723833712454661775160622728368423622809780955746192,54532919491761446745623356170393729838776474856894807683790896138807339474527
walk,473,,1,1,154,318,19724970555826614163097052724077663853159702033841202646585598518589216642259,21358094188680035601795134877655753217271169071838501648175229004829565358297
walk,474,,1,2,154,319,49911946105025343993064423991893555595552928869550607925691976578335933547138,54044392260781201321217016564862586255330376903004234515085991809738331478369
walk,475,,1,2,154,320,14303182603917630267336615301281850478429178232746459151925500794545555405573,15487410761286198804578899919047641332339603608115569301085061560880351427888
walk,476,,1,1,155,320,29130507056802669011512975953778485132559340199661995808736138225960955243346,31542359554976100780750206254427441940514818301213298348927837728330160643459
walk,477,,1,2,155,321,36035413752206713811477636129344635984701438520318267615612140138338249486256,39018956143401615786646220893361573742868169975154477297156193619213272738842
walk,478,,1,2,155,322,51733712764763674633380008372117414392218360285493499811504072931996131556440,56016991601214422103969868924326226058985296716727215014763021295248931602469
walk,479,,1,2,156,322,16859598693743991013181165227097975960742315065796910762073309167318786276182,18255484633814238492776400419785220142096146399011316390964457562910197817837
walk,480,,1,1,156,323,1252913764672213826011238062078140518220396478195310125082743241331831835237,1356648422892482792234715083921251712292181670529469414454086503004930907594
walk,481,,1,2,156,324,23971529054253438189867128199865373041386616797095377521551849560449924445944,25956245356026042901044215008099616260952480231823702171390761445753926422633
walk,482,,1,2,157,324,34773443463388096557621736105616907649571513738652031981126315308240190542265,37652501363881452167999057863830974847836269402110323984858989098540179905182
walk,483,,1,2,157,325,51182826238193698711767378139277684099559147728449265999410734051208567638010,55420494572818059062332174171919253505323687214850458512784057428040533483583
walk,484,,1,1,157,326,44083247718265274844111784334126586186684857479498215054162908655066747037357,47733108358506603740967316808752296338666458836806678848376107839131966903631
walk,485,,1,1,157,327,41906770358456439048633514863244147293660840056331185200387636474809078441174,45376430140977132803151273299177020089554090099773820378349057586825030873944
walk,486,,1,1,158,327,3781169413125935497774926000638908673327290829289992247028922313487661056253,4094230317877166276798803186651191677835079823328577416641172169438300750525
walk,487,,1,1,158,328,20328312546106819898103236906453722112368946082932444370604634216900419078968,22011389716798520303761150884584217370325486915313910703929253522121167280151
walk,488,,1,1,158,329,6042874432764520845842266409512050301192940024990771247038148032488217763666,6543192596413099361890487943316475413930331368515560219119533051733250088768
walk,489,,1,2,159,329,45565234095603324258417845398618299220943130734432238589595336367957045615073,49337795399429809548487820728747984726558907032617231882696497014375179077689
walk,490,,1,2,159,330,46929927304785651386337073897755282864355388352239732289130088170231930846936,50815478015881588371007695164692779488417408163625645332603135856341505118242
walk,491,,1,2,159,331,52073707834311830854117645186717065088442728536411204872772371756643295605086,56385136471116461161916010314874877495579936038225475860159727808422800418257
walk,492,,1,2,160,331,50680494625908012265768500869862223920002942840839143290575767026665437108067,54876572549777068073624747479455704054259154241171562664973815783127915085558
walk,493,,1,2,160,332,52773466736538508312539963136059059448671784385457216109129617606879307262101,57142831723478190196829337281228928851965136828899927268385090516366855890777
walk,494,,1,1,160,333,26867621394549814194159180060935957811359534765724341702383626644018304004344,29092118882838140844947912614561983217589646795479002404442423775255494605584
walk,495,,1,1,161,333,20241425064513611617834850782203461126537817297538325022577694280245215883453,21917308409532042795407869700827058995854525296677686254439751167130646505397
walk,496,,1,1,161,334,11380057028554866857559139107438881888074393016560991561963950666472787478364,12322265789980001132426540864379920846917748345332816549057377077997862567237
walk,497,,1,1,161,335,44296605980932095912498938139256982749647620201238125484909563123051833214835,47964131561155948968564906346667287836179834036252111077559800453068630655104
walk,498,,1,2,162,335,50537679129750461526263102747346857055271803593040231112305930685649962389404,54721932683020206752693875562147253137046965683925604574359189476781782842743
walk,499,,1,1,162,336,31714306287977040114657582568622209304604290172160941944996467405995915903863,34340083748676355503121097451638404322300302541068149298259901508034087112615
walk,500,,1,1,162,337,47127632588732118364013885935089851706928003063667606675080393021216851718228,51029552255646729348286865495656195365295141696658626074552068830676979839636
walk,501,,1,1,163,337,28091792104552224240942190028996866598205242264717941232400459558241279432676,30417644477578836716242975055370551154928019816903947751708185221388421722751
walk,502,,1,2,163,338,27342593515476895490484893024005932913673966658153564996686205546654980477868,29606416192790835003405613961989005109303247980768284787277927400485647078115
walk,503,,1,1,163,339,6020979584140969321221801604384762483802022379295680051357469311502864005702,6519484969685587228757752894674887230951423108393470256801952097724569876263
walk,504,,1,2,164,339,48378370112819982796406482258788127955652505930511719427456416779038485905280,52383844256700902604093616690996036877683601294392201157533270637434545753377
walk,505,,1,2,164,340,24106587176732618270202715664286895148599017688028502678731401748198382523048,26102485579436897484017378001232828642727902579568546466914727179116718483832
walk,506,,1,2,164,341,18561583399905795677776765153873777048518522547054423431688195146265884171712,20098384706035581835994419588852642619978705083068194941922250056518158809115
walk,507,,1,1,165,341,11364725123787207897251048218267642442290313130251599381708517916662175087580,12305664484280064197986324780220331528627493127954399549135818901693539314093
walk,508,,1,2,165,342,26587491410222636803517562551621730281490546640719668503194100341491489850918,28788795611789405656195448615007646296719157979010495431459393855817345264208
walk,509,,1,2,165,343,11828803315053660824190716287028029292754618645207351304061408312086941433170,12808165904595405982754557943852334985852573401596768925703483228157006716210
walk,510,,1,1,166,343,24009974411421174664142383984864739615166144530782090731180910883349606852191,25997873786201996088618481733277407316822845591959155955132948622028920517635
walk,511,,1,1,166,344,31004725033525053851848310894188041778185853350304660628876391697572219819329,33571752905078189012327377825394938159191367835193470789032636783048154636521
walk,512,,1,2,166,345,15272424613520789831470405185426454803273539471446832201999145676875790640829,16536900902431926772523455252709191998681382744454683481285561796747637504910
cal,1,1,1,2,,,,
cal,3,2,1,2,,,,
cal,7,3,1,1,,,,
cal,8,4,1,1,,,,
cal,21,5,1,1,,,,
cal,49,6,1,2,,,,
cal,76,7,1,2,,,,
cal,224,8,1,1,,,,
cal,467,9,1,1,,,,
cal,514,10,1,2,,,,
cal,1155,11,1,1,,,,
cal,2683,12,1,2,,,,
cal,5216,13,1,1,,,,
cal,10544,14,1,2,,,,
cal,26867,15,1,2,,,,
cal,51510,16,1,2,,,,
cal,95823,17,1,2,,,,
cal,198669,18,1,1,,,,
cal,357535,19,1,1,,,,
cal,863317,20,1,1,,,,
cal,1811764,21,1,1,,,,
cal,3007503,22,1,1,,,,
cal,5598802,23,1,2,,,,
cal,14428676,24,1,1,,,,
cal,33185509,25,1,1,,,,
cal,54538862,26,1,1,,,,
cal,111949941,27,1,1,,,,
cal,227634408,28,1,2,,,,
cal,400708894,29,1,1,,,,
cal,1033162084,30,1,1,,,,
cal,2102388551,31,1,1,,,,
cal,3093472814,32,1,2,,,,
cal,7137437912,33,1,2,,,,
cal,14133072157,34,1,1,,,,
cal,20112871792,35,1,2,,,,
cal,42387769980,36,1,2,,,,
cal,100251560595,37,1,1,,,,
cal,146971536592,38,1,2,,,,
cal,323724968937,39,1,1,,,,
cal,1003651412950,40,1,2,,,,
cal,1458252205147,41,1,2,,,,
cal,2895374552463,42,1,2,,,,
cal,7409811047825,43,1,2,,,,
cal,15404761757071,44,1,1,,,,
cal,19996463086597,45,1,1,,,,
cal,51408670348612,46,1,2,,,,
cal,119666659114170,47,1,1,,,,
cal,191206974700443,48,1,2,,,,
cal,409118905032525,49,1,2,,,,
cal,611140496167764,50,1,2,,,,
cal,2058769515153876,51,1,2,,,,
cal,4216495639600700,52,1,1,,,,
cal,6763683971478124,53,1,1,,,,
cal,9974455244496707,54,1,1,,,,
cal,30045390491869460,55,1,2,,,,
cal,44218742292676575,56,1,1,,,,
cal,138245758910846492,57,1,2,,,,
cal,199976667976342049,58,1,1,,,,
cal,525070384258266191,59,1,1,,,,
cal,1135041350219496382,60,1,1,,,,
cal,1425787542618654982,61,1,1,,,,
cal,3908372542507822062,62,1,1,,,,
cal,8993229949524469768,63,1,1,,,,
cal,17799667357578236628,64,1,1,,,,
cal,30568377312064202855,65,1,1,,,,
cal,46346217550346335726,66,1,1,,,,
cal,132656943602386256302,67,1,1,,,,
cal,219898266213316039825,68,1,1,,,,
cal,297274491920375905804,69,1,1,,,,
cal,970436974005023690481,70,1,1,,,,
cal,22538323240989823823367,75,1,1,,,,
cal,1105520030589234487939456,80,1,2,,,,
cal,21090315766411506144426920,85,1,1,,,,
cal,868012190417726402719548863,90,1,1,,,,
cal,25525831956644113617013748212,95,1,2,,,,
cal,868221233689326498340379183142,100,1,2,,,,
holdout,29083230144918045706788529192435,105,1,2,,,,
holdout,1090246098153987172547740458951748,110,1,1,,,,
holdout,31464123230573852164273674364426950,115,1,2,,,,
holdout,919343500840980333540511050618764323,120,1,1,,,,
holdout,37650549717742544505774009877315221420,125,1,1,,,,
holdout,1103873984953507439627945351144005829577,130,1,2,,,,
