,0,1,2,3,4,5,6,7,8,9,10,11,12,13,14,15,16,17,18,19,20,21,22,23,24,25,26,27,28,29,30,31,32,33,34,35,36,37,38,39,40,41,42,43,44,45,46,47,48,49,50,51,52,53,54,55,56,57,58,59,60,61,62,63,64,65,66,67,68
0,0.03969801393672763,0.023372315917804105,0.017886622761446657,0.017120746683082076,0.01717192264937119,0.015189000033236246,0.015818259997869556,0.013898556264603467,0.014333211682748086,0.016323629648189036,0.015297383611974016,0.013716216970178519,0.014469064313180655,0.013265834520846023,0.014894863757764248,0.014204833041289893,0.014101129478765375,0.017988463650241825,0.014061617772879342,0.013410346784407496,0.01328781657395231,0.013371481592380247,0.01660126231607282,0.013969293012553424,0.012838621618563632,0.013542337161133535,0.013659948913045514,0.015070537053178948,0.013197150817515461,0.013152874423057653,0.013037664553729695,0.014370866964773502,0.013433166248170869,0.01273062572355683,0.014304910691784557,0.012961626962147506,0.014377959516003345,0.013442368429673309,0.012852367391766378,0.013198403345813917,0.014696754286938368,0.015290999457024926,0.014254545244864655,0.01307695054309429,0.012468574752149325,0.015963394362522376,0.012677256365434254,0.013824190567039112,0.012769356297648821,0.013384921831557829,0.013776605284596656,0.01342414831858851,0.012815965838542992,0.012746223232489801,0.01265829831705978,0.014133222018948663,0.01260049399160073,0.013932552059670646,0.013244948701616794,0.013174672885492133,0.01336391210272449,0.014071934022533162,0.013733430680569049,0.013626057544050694,0.013093001826736872,0.013050833845854119,0.012525894800147935,0.0123780762521866,0.01361946778283757
1,0.025325287413963272,0.04118094266571007,0.017284055617333562,0.0176440358795885,0.018180745139049527,0.015395774985673693,0.016649907554528408,0.014058768725989507,0.01467683055376421,0.015685219520099696,0.01654092124338889,0.01380803036217666,0.015372695952184861,0.013103636986272281,0.014847337410610425,0.01384682812060034,0.013940372440162517,0.016916639250353915,0.01371613956539505,0.013168053870061444,0.012987831807943365,0.01456947536720213,0.015416722432347176,0.01416725317552707,0.013244663066213892,0.014144003389240784,0.01354763800961776,0.014275827951687274,0.01320205879206727,0.012791716563251274,0.013587175925197256,0.013799825592756727,0.012678250739733075,0.012858361606104351,0.015623864798313269,0.013026060180467114,0.013107006098824526,0.013417859971641116,0.013193144975907001,0.012171773494622834,0.016431387125417092,0.014073002027703799,0.01359588689334006,0.013028008995182375,0.012991889840740994,0.014223907668176947,0.012541919781151711,0.012656580826534088,0.01328415112571965,0.013602860069795046,0.014196449995561945,0.014273360058278168,0.012607867819571062,0.012776602426627122,0.012970201076060143,0.013492656053456948,0.012462261927179459,0.013236543500820316,0.012711889719730255,0.013464409472451536,0.013453102056273258,0.014129900968123046,0.014151134613006607,0.012788330767290173,0.012455354237266264,0.013093766228773498,0.012371923887687333,0.012999328123836694,0.012782585518672373
2,0.017898144537996902,0.01926214696782905,0.035613144261967496,0.018072039512580546,0.016900414604882213,0.0153991992361056,0.016731075805266882,0.016065312194556487,0.014784342313637644,0.01715151499475925,0.014589947591851699,0.01429515697556087,0.014117612834632056,0.013794087745527593,0.015789401557695038,0.01481728667062889,0.013509025200336753,0.015060685819780642,0.012470351245923376,0.013326466515996073,0.01467455378943786,0.015820128744664846,0.013604020247444068,0.01723169803480517,0.013582058255739883,0.016397362320312803,0.015272460984034682,0.014288850837010177,0.01207027117497482,0.015728126374013874,0.013258733253658575,0.013538234631757977,0.013444116210331791,0.013319580551513936,0.012653581794884638,0.013025147242403714,0.015207928637314606,0.013438810405004067,0.015455119020732672,0.013152887898112921,0.012610169848064281,0.015413177986603592,0.012658556681496623,0.012462911747109132,0.013009473090730854,0.013601276181544587,0.013369538408125823,0.012091665390255432,0.013001446566778206,0.01241871232380733,0.014984934908305566,0.012825960849465797,0.015423275328859135,0.013415877828547921,0.013229141074856685,0.013532335159225285,0.013041089959375213,0.012913143377673889,0.015026688180649684,0.012202859921024578,0.01200445513890948,0.013045464104624059,0.012486729127074702,0.01470651723620232,0.013506900923312401,0.012024845606135304,0.013021338625113486,0.013730923429308544,0.013429564001151929
3,0.0170931678616612,0.017665358038326646,0.019917220259916147,0.04003778038294734,0.018113405953828095,0.017876066151383704,0.017075524327668443,0.015606523459839037,0.015414092316171643,0.01922359605427924,0.015269186011682331,0.015063077157705522,0.015425372503772163,0.013540199544285402,0.01595301512337036,0.014983756729240483,0.013611017321616804,0.016142981301105083,0.012895052075460206,0.013064684369304814,0.013649880529518803,0.014097898972595764,0.013637156825148787,0.014409159249514343,0.014321076304454576,0.014389167802018637,0.013560018455295982,0.01548598504170409,0.01280344602296478,0.013497432029127749,0.014221417703591742,0.013679300372270761,0.013646115068541631,0.013876975442636365,0.013727524865900237,0.012993090423772828,0.014246160086109216,0.013680507074203544,0.013738857419308513,0.013366214038335539,0.01262061365642372,0.013086176481974094,0.012674286286904446,0.013033317035550603,0.013348194900893829,0.012764956437107611,0.013193631421202022,0.01224129156723532,0.013338088741646532,0.01284650286577054,0.013295940760114845,0.012272875152364231,0.013423391241714449,0.013212854371047082,0.012989848876890836,0.013404239760093408,0.013551262375959073,0.013269336727185319,0.013453204738705447,0.013546581741380449,0.012392442111521924,0.013257630196162579,0.012326911981574408,0.013040572573687067,0.013131019829203916,0.013158758409791946,0.013186753178896782,0.01311872642749897,0.013822129480920146
4,0.017129399089476048,0.018186936018209022,0.01684771083673346,0.020092595693150618,0.03979289261602901,0.017966783101541272,0.020065489275802196,0.01700742683393944,0.015077690304099868,0.015331958994815669,0.016590245805226854,0.01360539661939129,0.016185403738386547,0.013058481381539186,0.015076047611156752,0.014223847271004841,0.013502095390845905,0.015211614833432084,0.013098568304376028,0.013166429589474926,0.012829288332618705,0.013509642204830682,0.013596437617308065,0.014873730337530132,0.014094698467548473,0.01615062571890236,0.015860344249649,0.015165107111270478,0.013284428487849635,0.012476263023146186,0.0127474053237376,0.014680323230038454,0.01289691978443337,0.012780665817449344,0.01446457221280301,0.012874854876120948,0.012994096347301812,0.013607375305660713,0.012901007651450951,0.012438117159310192,0.014614058640329537,0.015323057814160292,0.013160898538826933,0.012765581757614768,0.012383338671050993,0.01392367056426495,0.012645703797171226,0.013787005695671536,0.012403431792460052,0.013637572445424743,0.015570706427890534,0.013538994211847176,0.012680752707667525,0.012591399739262423,0.012936881923905755,0.013116016673194258,0.012474061930287529,0.015051093894856845,0.01191628972633759,0.013104717365481789,0.012981016063100263,0.013228416460774727,0.013738756256628995,0.012205272251128337,0.013154975780091909,0.012981662097361936,0.01273711692291294,0.012277102473920248,0.013627530808783006
5,0.015151829246879883,0.015401467197848923,0.015351625204089467,0.017861090929040323,0.01996792105934382,0.04023167724209647,0.01807049921323069,0.018368832984519492,0.016435252968176214,0.0158109958952992,0.017440111231375163,0.01401622813983436,0.018555010694748485,0.01435218945878774,0.01712882987027194,0.016973192298760202,0.013868987056636932,0.014300679750072553,0.014064657773898231,0.014820804580754248,0.013170217183049207,0.01340286474751894,0.012913944369780751,0.013887197249807413,0.013143963690796038,0.014166444283833277,0.015146665537331372,0.013492411261913861,0.013094938089741607,0.01234840420809275,0.01379820767403456,0.013489666715580526,0.012526024506764849,0.014248785658781451,0.01271326635543574,0.013527149227602267,0.013370015567198799,0.013172126598193922,0.012387120498324878,0.01524831782738515,0.012556740223202807,0.014283810013645348,0.012219938992081332,0.013897948647580954,0.014386776435650568,0.012175968332376812,0.013415522298997609,0.01326564283819551,0.013869441520068382,0.013336145833461412,0.013825321863435037,0.012563639718363244,0.01270877740106501,0.013328705714349435,0.013537074997984459,0.013046524674509802,0.015236862598807813,0.013489336463444064,0.01192822294730165,0.013723625702863644,0.012428967819786235,0.012390102231818974,0.013239680366021026,0.012620630895233896,0.012720525203761967,0.012732587203820216,0.013208063820905176,0.013657561697853728,0.01278623949658227
6,0.015779134775933384,0.01665562592761898,0.016678948959082826,0.01706077157228212,0.020065548033389394,0.020072214278834696,0.03985783693104757,0.020642207615019288,0.01470197508365003,0.01718960220544473,0.017199343749697532,0.014260552947225466,0.016767060398435493,0.012988451614577186,0.01572070490450481,0.014627252715453388,0.013678522661622085,0.01512771324818279,0.013064325453201702,0.013846087136780438,0.012472289122408635,0.013245045608863523,0.013776844986780447,0.015152397302960212,0.013036930646629129,0.015390664923429115,0.015874400070533003,0.014785869836199285,0.013335671136596967,0.012586758287621484,0.012907801676436409,0.015252331698599427,0.012564881975332074,0.013208606659210705,0.0141367695019001,0.012882316894542556,0.012738004887276295,0.012502888772260799,0.012518535287935598,0.013282025495335036,0.014555703481178045,0.01597186031341635,0.012604294423306229,0.013027057512300627,0.012393368014027226,0.013861777408270335,0.012797277773981068,0.012564731548204684,0.013232252472892682,0.012943958221504601,0.016026127457279167,0.013278532182834226,0.012847184266570747,0.012735738997627326,0.012670120977464849,0.012446235446347674,0.012291825740922524,0.014052769088570937,0.012283562646417629,0.013781882405713422,0.01311510783816249,0.0135153472644516,0.013970839443771794,0.0117786751331901,0.01238797174136484,0.013452861352761662,0.012757071714009733,0.012537985696951156,0.012482964453671733
7,0.013863088256862019,0.014062490463403167,0.016013999283614803,0.015591812806152296,0.017006138257289593,0.018366904997841514,0.022651456575967264,0.040583536429826164,0.015597793951640973,0.015123973704000686,0.01623102196051812,0.01528439239926704,0.016458482704811466,0.014265947296208649,0.016063506677990176,0.01587877009850723,0.013795297723485212,0.014579279912533445,0.013306584171080068,0.014662634410550124,0.013413828573549428,0.013494758110385799,0.01387824173259445,0.01516545761713987,0.013252100540911272,0.01615124109711821,0.015596601371654875,0.014443027704009397,0.013809663565947563,0.012983828122059162,0.014026449769716665,0.01518207017654242,0.013244450356396249,0.014228518941359554,0.012931002648000015,0.013639652074838296,0.012095431269786615,0.013365496990442094,0.012373732717746685,0.013698054859954819,0.012582966809292955,0.014988764107076164,0.012723921906878502,0.013099730886785167,0.01302247140291698,0.012603391397963817,0.013685312083795125,0.012523662022208176,0.014815628595647968,0.013153104104678884,0.015802186696416316,0.012566547152967731,0.012312493515279554,0.013190088124673992,0.013025132055766461,0.013481208383400679,0.013374307166230653,0.013711064527765037,0.012161052073638259,0.01325902874097815,0.01328557488048727,0.012961310644601196,0.012685636473883662,0.01246180624029487,0.013343316029369253,0.013182758424974586,0.013243427719800497,0.013141521914354448,0.013251865596170143
8,0.014306430766322155,0.014690775385345006,0.014747218970777605,0.015410115090131208,0.015086878642233445,0.016444788462491644,0.014710891383318632,0.01758587311963925,0.03851215795741311,0.016524399468601694,0.015295866996548465,0.016307800979816458,0.015443767454790704,0.013838452225483008,0.01664086421451681,0.013703072000518412,0.014656747576877821,0.013527753713415762,0.013559976260756758,0.013729071260080166,0.015095682760065841,0.014096281705058517,0.012779334701480828,0.01370637872002674,0.014458162596295674,0.013715217462928543,0.013139448362271117,0.013297885703404616,0.01307196421959291,0.013897235209333392,0.013451234780344011,0.012662193501496529,0.013938196411941578,0.013610031591883157,0.014699028392564779,0.013187373885448108,0.01463050106735967,0.013631751008700762,0.014461989874508429,0.013682535970499364,0.012953917264833413,0.012684458557669958,0.015586134936466078,0.013894446073152275,0.01367983138421995,0.013014847138193201,0.01305632171264519,0.014337854088800128,0.01449958363266619,0.013294738726256557,0.0129455948885244,0.015374875643068102,0.01342058167768554,0.013494858898009747,0.013722608996015998,0.014311144109918392,0.013117686622438826,0.012992035388532774,0.014267001226333747,0.013073370024665599,0.015877430029537138,0.012969761786743687,0.013123013484446371,0.014934869399565799,0.013959576668841678,0.014178552392948641,0.012708173011752205,0.014083460292904672,0.014507942088881133
9,0.016331990854163977,0.015737569174936735,0.01714925346028417,0.01926447469518327,0.015377893181009458,0.015857902258211067,0.017241051359909724,0.015170434167120012,0.018436776354325092,0.0363484969463365,0.017898626762512394,0.016158468812129304,0.015321112913687228,0.014138214348070612,0.016152031350329946,0.015561146124006187,0.013215497701434886,0.016310246251733947,0.013231165903548813,0.013258500401314566,0.015574690095691115,0.01569546546786173,0.013948484356199312,0.01652287941498051,0.013475163167134482,0.014675479677400962,0.013609672610136094,0.013623837905463848,0.01240643093488274,0.014900522361701451,0.012631763703756295,0.013343315425111952,0.013581825680407342,0.013876389126940695,0.012695254721748888,0.0128428901588118,0.015211044700931606,0.012983285824917755,0.015179202555160419,0.013030390519507336,0.012992893478953736,0.01349637505094953,0.012999519302486608,0.013149270956695824,0.01252247877201277,0.013635354916442702,0.013262258978103918,0.012373285836569277,0.013005869492983217,0.012687596075362092,0.012960311005816526,0.012401998148255293,0.014663135258153824,0.012629119060308986,0.01276658978487247,0.014022966651793657,0.01288683044392226,0.013143783501832583,0.015347856457066902,0.012177492008786251,0.012536814338500997,0.012954932752258041,0.012140036053091151,0.01516307344150816,0.013863695048702543,0.012321184389022967,0.013201504577906295,0.012947898015143679,0.013777034773503567
10,0.015255973963709698,0.016542728069311046,0.01454108622692337,0.015252421938702382,0.016586410040410657,0.017435569902562086,0.017195316804877903,0.016228498811177796,0.015283017035756186,0.019761226222661778,0.04070625307218631,0.017849036700537363,0.019411952780799657,0.014135501279886695,0.01750259180625037,0.016887462381031424,0.014446452463879003,0.015982757393942074,0.013654854257355081,0.013396792674133427,0.012579716197622378,0.014059397075787043,0.014005754569093875,0.01423809609411483,0.013219140285239264,0.01488316730385805,0.014580160695086244,0.01401220040275443,0.013113317561535923,0.01234903416718677,0.013241271990096367,0.014485431231981679,0.012558497854442033,0.013040697821445303,0.01384655010897088,0.012780767753006376,0.012795669407181232,0.012842331468335204,0.012992724573125471,0.012164527850954539,0.01471301924171067,0.014471433362565378,0.01352377572899842,0.01267708377509637,0.012760876876170238,0.014063265038809815,0.012542463678208821,0.012992457351456559,0.012782131814573244,0.013378887174600921,0.015233331087798022,0.01447331818803288,0.01279457017706303,0.012771425636448463,0.012685861922739693,0.013497859089756706,0.01205466188646641,0.01362010736871177,0.011877460055973925,0.014194947403441698,0.01383145014664274,0.013488956405932223,0.013636944090395155,0.012478024635840888,0.012171621394241732,0.013412510535821801,0.012499089980828507,0.012561210922050316,0.012966896791711428
11,0.013696628508504506,0.013827246951491344,0.014265552473483437,0.015065833893537535,0.013619693447103324,0.014030547024849,0.014275496423738359,0.015301612884679098,0.016314995197823576,0.016127131954513728,0.019854882405127113,0.038589496874532406,0.016068628581839637,0.015813419685070784,0.016313944170104493,0.014838697576147565,0.0167264350514164,0.015328394325932205,0.012948006423965987,0.014757294492706238,0.016262781618906354,0.014508407508159177,0.014247955310994967,0.014050544798063872,0.015173615330920213,0.013910795129670136,0.013010703707917442,0.013303095573857206,0.01250063996431933,0.014282360274008643,0.01372490527407772,0.013422618663777326,0.013562900686098304,0.012825699501350625,0.013193488896228733,0.012844434356234603,0.014192302686282066,0.013709997533605838,0.014736503958364948,0.013088569177028095,0.012558812558342727,0.012404434226032834,0.014112264507242704,0.015528581497450091,0.014359675242275728,0.01268674996015558,0.013462656635384858,0.015258673980967393,0.01313530868542699,0.013631070441815754,0.012956107167756848,0.014108177145884951,0.013421996171413602,0.013387266785707641,0.013518819426583645,0.013372512140430708,0.012667297995659504,0.012425911329915097,0.016074357621539036,0.013140624329634946,0.01377503461256012,0.013183549233382226,0.012934324325329281,0.014029298184154666,0.01340618120718431,0.015396861858220319,0.013241997105722273,0.013958140410216122,0.0135470569171776
12,0.01441915137714613,0.015362926314693883,0.01405985553536266,0.015396962734619721,0.01616961155873821,0.018536365267560556,0.016750651642686326,0.016443669943957427,0.015419302376998708,0.015260444097678608,0.01939749725933044,0.01805650860135711,0.042398420492827785,0.016275395494215777,0.02030752547007454,0.01731862227562718,0.015107724122258711,0.015478753122671112,0.014149052539016367,0.01412476441138215,0.013044026714318127,0.013297958242350414,0.013568863497701639,0.013698174515868992,0.013071195045177677,0.014264066383982008,0.014133263600002673,0.014174301500480392,0.013351202775879829,0.012515045450184122,0.013743436138667148,0.014750339866464448,0.012968388254452281,0.013486929802903828,0.01378981881662379,0.013206772199566641,0.011963571679640671,0.013328266055651402,0.012459909539450174,0.013406202760306685,0.012608019400015201,0.014275086421412207,0.01260421469494013,0.013871153982751088,0.013099253214140984,0.013093197095413728,0.012974346321418051,0.013197284083962816,0.013397050811772228,0.01466238194047189,0.014409773116664281,0.013737080704750533,0.012483573409749864,0.012936287527991554,0.012772393074103189,0.01259867440424884,0.012874495534363144,0.013484792150902454,0.012068213109272643,0.014265728952516417,0.013137900713795598,0.012807232697520125,0.01347271699176849,0.01206508221662277,0.011994721232681142,0.014255427737301103,0.012652157427916429,0.012966333594115174,0.012580489959541679
13,0.013272109692868118,0.013146855690400775,0.013791728772790895,0.013568461149847014,0.013097091351207724,0.014394204260345905,0.013026816381153824,0.014309211521387859,0.013870915402407667,0.014137660664041693,0.014180574305048276,0.015843526471792376,0.01828762640960909,0.03566617631186967,0.016019649796086232,0.017906374765090573,0.016440227222284175,0.013563836665424028,0.01538206787038868,0.014753164685234178,0.013792438358781028,0.016299090848290187,0.013342756430243788,0.013992357237641443,0.014176528676307639,0.01392013259951527,0.01424577720527252,0.01360233604212377,0.01560902301145374,0.013802077923406602,0.013991202405450556,0.014768940632437506,0.01497819465693555,0.014903022602223483,0.012860717700638066,0.01624092888893016,0.014272553014662473,0.013286470343850767,0.014103947023373255,0.016148927639211184,0.014674122261701797,0.012629164688062987,0.01268737513691714,0.012787768439699894,0.013825092270869034,0.013377260790990391,0.01496277448804001,0.013599466181722242,0.013078984864964846,0.012870984443094015,0.012468168228918275,0.012138500286740189,0.01564185533842945,0.014612307319144272,0.013585967713950748,0.012806649843280296,0.01598437478473752,0.01293592003821169,0.013170279735631663,0.012412424935435653,0.012541556912044616,0.012222223386787268,0.012914322770018508,0.013797909839919492,0.015194558594719392,0.012547865084965344,0.01852870275514588,0.0161062399365349,0.01290147629929464
14,0.014883492764608373,0.014877897400464704,0.015767191127311626,0.01596655592162998,0.015101935863034576,0.017157742155754264,0.015747654033762964,0.0160923098148262,0.01665928737175694,0.016131437851504827,0.01753670145663262,0.016324803674275343,0.020362264662575073,0.017841333351590046,0.03807810316050621,0.019105510999219047,0.014418772059620244,0.016064058305312396,0.01361311578689133,0.014600512161835569,0.014107329869879117,0.014486061154792784,0.013091815046993409,0.014582091901260108,0.014311325967461534,0.014842871728656871,0.014778906246082801,0.01453231730948239,0.013212413880069312,0.013888006908807546,0.012945702904975103,0.013355413879894626,0.013866449848617601,0.013036122568878478,0.01337645071378511,0.012880976412743312,0.013481183658306013,0.012977220738393646,0.013530058845523078,0.012753274704251642,0.012283906374826462,0.01432381668235187,0.014258495158739068,0.012688384132187092,0.01290412781560027,0.013104526520410336,0.013141546035403396,0.012437615320484846,0.012841085899339345,0.012189332029969581,0.013475558526452977,0.012312147629301669,0.013491050087606099,0.012737310184447712,0.013094048036520884,0.013295484604690995,0.012644338118448352,0.013036118282439989,0.013725331960478402,0.012623536808529772,0.012874358083280357,0.013945342826088268,0.012768455178077375,0.013373881163665174,0.013233815589861114,0.012547436088002769,0.013704519880426164,0.012980700359474953,0.013597056410927892
15,0.014200747695036918,0.013881935908135067,0.014803489423639515,0.01500361582020918,0.014255056857713689,0.017009937782358632,0.014659304516933994,0.015914816667256377,0.01372477504386139,0.015548706419879734,0.01692843035616931,0.014855645636185773,0.017373573818353295,0.017892760986968036,0.02098283002508491,0.03664667853170783,0.01715318934501454,0.01762346777326366,0.014239145596722045,0.0157150257970157,0.013992941012170974,0.014511193836932352,0.012989257329150253,0.014679131917469338,0.014331921123807743,0.014804237938874735,0.015848015223242962,0.013879640234087252,0.013195697109304783,0.013105207826646053,0.013375158319599489,0.014381212626646779,0.013578542740080187,0.014264881665333306,0.013011642814191648,0.013819397026949724,0.012807793000195244,0.01301192730333046,0.012896657801639821,0.014173174311625663,0.012931507277078492,0.013998829485586716,0.013171391503507546,0.012955475869648181,0.013264860598747872,0.01268860476287027,0.014351813134509603,0.01310479812944161,0.012733458430448765,0.013168374281669592,0.013682213192836587,0.011922184763573325,0.01326048646768412,0.01443722241491948,0.012539801274924909,0.01313410347371779,0.01344823429799996,0.013634722671084641,0.013601144833239227,0.012963628715321496,0.012134436958093598,0.012312588180566518,0.01298981115947727,0.013048960108181554,0.012798536520866086,0.012115799135316461,0.015833779797214707,0.01592646814508871,0.012775999253596544
16,0.014066527051114469,0.013945433463952009,0.013467200744300809,0.013599524256285864,0.01350239948289942,0.013868894478747897,0.013678790671666037,0.013796653729730105,0.014648151096703914,0.013176319397788929,0.014450118779142656,0.016709253338004427,0.015122819787183139,0.016392130925982046,0.014394379090984403,0.019031941664946216,0.04015345255277618,0.01593111262546321,0.01589930424481576,0.014503425871774606,0.01605124417852897,0.015324459175265736,0.014889497562579583,0.01319015269484382,0.014732073199900669,0.013882100986390412,0.013750500247943684,0.013972378803651778,0.014036604312551675,0.013187236934756942,0.014936680850187041,0.014442979847477921,0.012935414830370043,0.013877367476753498,0.013829906298786738,0.013453141991321905,0.013146834996409982,0.013466794209193788,0.012108799007251297,0.013225162446113707,0.013622756402644714,0.01281354499000871,0.014357158676262237,0.0168360282210932,0.01456811488308725,0.01308930148776968,0.013329265174416858,0.01683073872838623,0.014235047396981088,0.014871420958452883,0.012796257211356325,0.01475957175996026,0.011922184997771824,0.013632533834484931,0.012744921036418992,0.013385832468945091,0.01252317695176282,0.013299316816161654,0.0148974202376815,0.0131953736306917,0.014042431841864385,0.014251890168300986,0.01319288903287941,0.012828198383295603,0.01286292295763841,0.016146353425209443,0.012964746313031066,0.014322027452891387,0.012901411256009986
17,0.017974184123861058,0.01695094274816206,0.015039042918932983,0.016156191823481932,0.015237272316748356,0.014324382524036738,0.015153184841473736,0.014604977388155579,0.013542318339257309,0.016288955475465872,0.0160134179648236,0.015338131161182827,0.015520004134979429,0.013546661465465135,0.016063569605412296,0.017614543974194846,0.017904129782039924,0.03768133104306966,0.01656706735684398,0.016284122331024782,0.014636185810515259,0.015239623852506759,0.017163751930234766,0.014275701777732337,0.013747009556783903,0.014569213471035765,0.013236263178825928,0.01573992487352887,0.013104681789535068,0.013691013149363983,0.01335103513482732,0.013819408526642332,0.012842806806145813,0.012752256980308354,0.013772560665872348,0.013057365910366828,0.0135445991615315,0.012315201110741667,0.012733002619629456,0.012616877167650966,0.014001878852190366,0.014704255675245697,0.014063573839133887,0.013266623178890808,0.012186271301196457,0.015993285387801075,0.012737040123309054,0.013015496665707123,0.01229634135986568,0.012852572909689736,0.013971152195142807,0.013662335665569156,0.013715959862426465,0.012820164984847655,0.012788130116923006,0.012910314828364543,0.012461776305906688,0.013724362090547714,0.013419097548536056,0.013076086741687969,0.012746848505191167,0.014175891649573736,0.013414087801600322,0.013808229264632441,0.013113399418683426,0.012626016136253542,0.012550298755977006,0.012735811880215643,0.013149782162499388
18,0.01404587147582395,0.013739469135423668,0.012448368168289118,0.01290139421712982,0.013116381087220323,0.014083373149550835,0.013082053361032336,0.013325689463212833,0.013570146871883501,0.013209583407095056,0.013676585644184338,0.012952004227564944,0.014182131455392984,0.015357578289172575,0.013608260503746118,0.014227292308374441,0.015920567196484645,0.018456264018148715,0.03811634937054611,0.018925751772405193,0.014953095881001369,0.014329175246198802,0.015395490174777036,0.013661693713527354,0.013713763905882139,0.013815294882086854,0.0144427642873626,0.014526900775534597,0.01668785217066791,0.015044158536119933,0.013273395417640754,0.015122654456981363,0.013567424768272168,0.014997032066638308,0.01375021752641511,0.013574054219445054,0.015330080316469196,0.013155332646475138,0.014631028768937054,0.015821649610427313,0.013916850008275241,0.014353348962725929,0.0139872544380048,0.015182686749016645,0.013419382724727086,0.0135927569563133,0.015162550981343134,0.0147279413516136,0.0138354619503468,0.014223289330731519,0.01333126689301072,0.013435364031848578,0.012750425331244769,0.015250963141751157,0.014711349471585878,0.01330169358507185,0.014976461294659545,0.01390425571861786,0.012291881699660997,0.013647129223276514,0.013567172060553516,0.013307897188157955,0.015078132265342664,0.012687520671631692,0.013274740951366229,0.013664235387668406,0.013370383386465167,0.01338776123346867,0.012921668517978229
19,0.013397729818868886,0.013192814535361997,0.013305357741313913,0.013073451884268329,0.013186696886957198,0.014843185104764622,0.013867360034427748,0.014686317556835214,0.01374183037530877,0.013239244960395248,0.013420517477752114,0.014764495801472995,0.014160323187509385,0.014732315480113906,0.014597919744362494,0.015704757229873037,0.014525424089903751,0.016281726299217956,0.020862311676323138,0.03921123543449429,0.015209530378265066,0.016132948734596465,0.014446673256812025,0.01407721348262082,0.014116763620101235,0.014061437355102381,0.015427694702070449,0.014567839112298663,0.016227735452465857,0.013819403612689957,0.013819086087779575,0.014630180575559034,0.015019473255755889,0.016604694440500094,0.012995153698055647,0.014742279978831752,0.014335156051312572,0.013539944438795819,0.012889575545456894,0.015539612443042208,0.01315876974522686,0.01411440090193021,0.012674314805859243,0.013675371472171877,0.013926579419563646,0.01481295140224038,0.01388189527044611,0.013105901689543746,0.013735393655291021,0.013326361759490781,0.013319939263667308,0.012707595054662351,0.013381495845364515,0.013897234478715095,0.012980465112514813,0.013417476814202077,0.015166236425878813,0.013871611654463021,0.013623959243698936,0.013318533919301153,0.013143565968253503,0.012750838122721566,0.013066344989689603,0.013297265138958137,0.013726624381705667,0.013328317395421122,0.01449536962072891,0.013668725668306264,0.013429049238345838
20,0.013297995911990323,0.013034485170454795,0.014676341604564309,0.013682377383287078,0.012870989384538494,0.013212640637349112,0.012512793122598303,0.013458449334972464,0.015135527046124867,0.01557864171659775,0.012623524660994048,0.01629851628093705,0.013099206725881192,0.013796478086445473,0.01412892326990927,0.014007689168896385,0.016103055389384842,0.014659034660822362,0.014981327126052725,0.017085596557722845,0.03485694862308544,0.017202529983396938,0.016820140478156335,0.01750470492627733,0.016321364764877673,0.01441896348940034,0.01370490887070126,0.014184255675644833,0.013831234531036907,0.01582493347658975,0.013573539637162733,0.01360965618080258,0.014567917678039569,0.014580770940436348,0.01299528209987094,0.012790605299025306,0.01525216036394776,0.013908877200917267,0.01547399992295903,0.013239726360123891,0.012651671365058592,0.01321249032703032,0.014259337429584518,0.015099102152686776,0.01394652403048833,0.013436640459273591,0.013590393510976167,0.015051660971840268,0.013010075699558216,0.013469260869702706,0.012584661409950466,0.014033065761303837,0.015152585517544987,0.012598735635794046,0.013307995970848707,0.01411432793226381,0.012831521411343663,0.011821693316311778,0.017741575955484108,0.012901989808833756,0.013487977327382081,0.013340213208607418,0.012837873031860665,0.015353316884585442,0.013959347763490643,0.014899386538345835,0.013451927812912155,0.014593445223541928,0.014355088931419083
21,0.01339487630525182,0.014636180135639623,0.015837605715067482,0.014145350551355042,0.013566874870465075,0.013459252085230466,0.01330111837976152,0.013552954567322157,0.014147378222054892,0.015714876823757037,0.014122223883215889,0.014554577128071216,0.013367336701004455,0.01631988786068373,0.01452249265215566,0.014540764548689548,0.015389033598207926,0.015278415309932517,0.014370337541235801,0.01617639427238526,0.018967650332168677,0.03503751009650762,0.01659877735064079,0.017637619256415892,0.015358364979148971,0.01685098056423502,0.014017693772363974,0.014763723397444051,0.013259548343539394,0.01604636375553551,0.012978515712499014,0.014001237539130696,0.01404830884619847,0.01586096322840913,0.012824568232032624,0.013549830270088822,0.015500485828021434,0.013111911608344747,0.01540937338360927,0.013503948322419593,0.013823004894026613,0.01307968907606895,0.012687357634904214,0.01249505452270881,0.013023719582345878,0.015855274311163625,0.013407101238514955,0.012358831452575974,0.013076593456362891,0.012389914446981898,0.013289435819147865,0.012666206167056287,0.016186442135798357,0.013502388780590213,0.013451761769747314,0.013874796086638282,0.013449972688715261,0.013694769360196615,0.014713888889311159,0.012629663740998498,0.012382849425934234,0.012694970701116502,0.012396696845780082,0.015744290316436132,0.013887634357807896,0.01196968838271035,0.013860934430031146,0.013369886095398171,0.014311877420690879
22,0.016574256419119318,0.015435107219726872,0.013573146851862145,0.013636939708023873,0.013608017893043008,0.012924565995226702,0.013788538541140285,0.01389111449243291,0.012782429432131988,0.01391866448575489,0.014020925188195742,0.014245121429880428,0.013593683713588456,0.013314752955168678,0.013080503979668907,0.012971857955846173,0.014901843538562413,0.01714944451004275,0.015387676980002258,0.014436754960291138,0.01677992400276394,0.018386111409262055,0.038920215993532625,0.015942757468924963,0.01646318965663448,0.014906408280946798,0.014173081005430969,0.01601254523622954,0.014189246903816599,0.014216269416373781,0.016665731887243983,0.014777519932286839,0.013392548518499461,0.01489876074269962,0.016057342520456465,0.012263282296363587,0.013368410302790016,0.01480319276046604,0.013516360093300837,0.013001213711215947,0.013860346039396374,0.014619856957146293,0.014014159641466744,0.013871980491932279,0.012808853956515185,0.016322467896485785,0.013363863117081166,0.014189125676451805,0.013045838746226992,0.014108260912462213,0.012984923876036246,0.01403947352024134,0.013314181644078152,0.012648980394432362,0.012871638711463048,0.01474539638362153,0.012085844443840787,0.012658795160764454,0.013312757010082351,0.013821010606344521,0.012891911674853193,0.014960388664006,0.012710667313977157,0.01325898134375564,0.012485338125730678,0.012830064621772129,0.012178095636071841,0.013275906681607936,0.016751432363208318
23,0.013991899410806013,0.014230250922765881,0.01724847324906488,0.014455763433792028,0.01493478401835382,0.013943794290223743,0.015214550303176257,0.015228862602748755,0.013754258816975118,0.016541145641347833,0.014299846834585586,0.014093409825375686,0.013767836122539767,0.014008374542900394,0.014616848738935422,0.014707116846859807,0.013243997347794467,0.014310163668702984,0.013699142721206297,0.014113272832895834,0.017519611483955064,0.017635307386010723,0.017830287500940924,0.034521055873007175,0.01805064211957158,0.01894840253901493,0.01649836963644698,0.016315612598578992,0.013234808973056806,0.015145938602191695,0.013250707760308934,0.016663776354424512,0.014204826897231912,0.014837177237989467,0.013265026689021285,0.013032543153709107,0.015118635393594784,0.01305860038299269,0.01546919655061061,0.012659693747723718,0.012978573143402516,0.015779684385209884,0.012596190262105553,0.012241172228649228,0.012428350906074713,0.013984750776496606,0.01341584814625783,0.012299200280309225,0.012424561472908225,0.011931854293232728,0.014705199799469685,0.012926257617666796,0.014900009459240733,0.01308578759327038,0.012850237600276548,0.014165930179629046,0.012474724711314092,0.013117454861457212,0.014590034404357606,0.012178678170035859,0.012077721304310559,0.012753858131333274,0.012203589093569101,0.014907994701785757,0.013278956044727556,0.011895232449886349,0.013491339629992891,0.013056977535479857,0.013595817766117993
24,0.012825085577128066,0.013268060483983192,0.013559004277836599,0.01432905913168151,0.01411479117227728,0.0131623167721484,0.013055477219657316,0.013271997639617603,0.014469955452731621,0.013454064633849709,0.013241046247239471,0.015179295373584138,0.013102612979305407,0.014154886327506689,0.01430715955114295,0.014320929399688579,0.01475274225558646,0.013743425530061552,0.013714662957313419,0.014115160086177893,0.0162916762992812,0.015315376569841497,0.016472628797292686,0.019810510838707458,0.03797948636900889,0.016862014200048688,0.01511995536999406,0.01587896777879743,0.013233676269799379,0.014803150186432157,0.013691200751187004,0.014873410376924776,0.01395957303639671,0.01384787447440359,0.014134670812885384,0.01285039224604906,0.013814107619750968,0.015450669353332978,0.013896675442015994,0.013543535493968303,0.012292754617823943,0.012488748869931853,0.013603346910563608,0.013395159909987025,0.01638989143693472,0.0128265578187382,0.013005687375929881,0.014227740438671182,0.013009318672389547,0.015618183698915693,0.012449483742640917,0.013030353677332289,0.013776085145027041,0.013610434342580203,0.01479290179046651,0.014022354848365623,0.012238944510437583,0.013378320890891795,0.015152023908696743,0.012833153265115162,0.013274098937814421,0.013493267601119944,0.013018997109435331,0.013981279689235357,0.016340613015681304,0.013822636473185199,0.01281239999551578,0.015787728866067486,0.01735624708586962
25,0.013540046700367769,0.01418154500716439,0.016384035103999346,0.01440994626363783,0.01618798109328654,0.014198795807010105,0.015426217384175605,0.016189824525413735,0.013738567614934211,0.014665485684486456,0.014921040961799543,0.013928333741148435,0.014311021601701938,0.01391119779106438,0.014851699344837566,0.014805992289798942,0.013913896040183284,0.0145783218332259,0.013828443441892322,0.014072298852467136,0.01440548921338908,0.01681870453548965,0.014928171327272184,0.018914588401011945,0.01877679478751054,0.03798041698295522,0.01966852844908394,0.01634755698041737,0.013982422782423617,0.015657120534804236,0.013703771809176118,0.015270035709045648,0.01371336055772403,0.014135550792467191,0.012670756715768216,0.013361457373185372,0.01398123573986409,0.0135876425439861,0.014047439723008242,0.01300100741083109,0.013152149023240151,0.015473408165109384,0.01284923078905514,0.012836347296595916,0.012691835308068252,0.013518952135945686,0.012905872286418813,0.012493064641571695,0.01304569661015653,0.012773396278863827,0.015155571314400675,0.012659114067126996,0.013891465500661507,0.01285823719930198,0.013312881266815688,0.013446405389907642,0.012570522745164682,0.013527572165915509,0.012838461216034816,0.013278161554952617,0.012635906597103907,0.013377279638392464,0.012078139692630071,0.01367898671989009,0.013596531797734096,0.012886683001834256,0.012949648258780448,0.012808967771136447,0.013712768115181257
26,0.013649693023045964,0.013575694266865057,0.015251170286078293,0.013571699459435102,0.01588777988551357,0.015172423640770587,0.015901813455388283,0.015624764596749037,0.013154161181389483,0.013592492190851728,0.014608759469385776,0.013019528775623814,0.014171538928501507,0.014228351001692707,0.014779092854561327,0.015840672350816126,0.013773976005490834,0.013236832999055384,0.01444809974180289,0.015430629312853413,0.013684136279866886,0.0139827051792872,0.014185515967475757,0.016459346627440294,0.015124549452588024,0.021561600782764742,0.038222729417539465,0.015632817333033396,0.014887176895074015,0.015328929470075914,0.014679226139664943,0.014958664482935776,0.015505430861801166,0.014961377767882264,0.012764946470982178,0.014135072535093725,0.013581651955812346,0.013213838386829116,0.01286706242504396,0.014700567062241194,0.012893861170586414,0.017875273506092297,0.01189404394607846,0.013632783656711483,0.013918050624266326,0.013065623349426667,0.013705215796912909,0.013509454362121035,0.013434348776604755,0.013294809268319597,0.015768383968416448,0.012149756088733752,0.013254881263826011,0.013396852500620525,0.01297906118683289,0.013271485610987857,0.013869361841742435,0.014161913791781307,0.013116272832368247,0.012944674994439676,0.01221273262608981,0.012683570290116608,0.012865262460507051,0.012909784910629022,0.012338214890368222,0.01330181109917759,0.014668380175365018,0.014180961687696393,0.013346654403877821
27,0.015053778094238945,0.014300220756567361,0.01426377304427508,0.015493722031654085,0.015185848347071818,0.013510470292525294,0.01480604903479309,0.014463877218945341,0.013307963283252651,0.013601720722334875,0.01403460970056976,0.013307306557840444,0.014207549994577962,0.013580785619381584,0.014527247217946834,0.013868194121678704,0.01399117364433618,0.015734912153790873,0.014527013809719451,0.014565342800698497,0.014157636615104125,0.014721548838547987,0.016020800369280483,0.016271137617052223,0.01587805039501545,0.016332140240597117,0.017551936042719533,0.03878403910858513,0.01717515023504651,0.014266120022926354,0.014881163779651943,0.018342221600643745,0.015382580992168299,0.014669718571194125,0.01352344179906878,0.013516190784622533,0.01341435454765399,0.013031050783580649,0.013288619334284987,0.013487171946368308,0.014204739361275337,0.014915672949722725,0.014012471480662142,0.013336100295925163,0.012460395847975167,0.014857457654813996,0.012713070429473004,0.013473538241434619,0.012160266539017526,0.013093873135259835,0.01416708617976164,0.01355963133285377,0.01336385657630206,0.012593725158800922,0.012887528452664002,0.013062480412730065,0.012830893472459684,0.0156197384337394,0.012873582880701223,0.013705855330673105,0.012760397278173716,0.01389278723103216,0.013994600612958303,0.012911279743402622,0.013262535062399381,0.01391541883456267,0.013232108357021316,0.01282116207812902,0.012291114565764488
28,0.013176313675682519,0.0132184357201461,0.012043455412248124,0.012803855497300846,0.01329637993143858,0.013106336388310278,0.013347629595308785,0.01382313485861629,0.01307575615767732,0.012380500793575156,0.01312815037128186,0.01249875232286147,0.013376265582950717,0.015577009302290229,0.013201630989568879,0.01317865247685175,0.014048916049746172,0.01309438517781398,0.016680182101582335,0.016217371204851165,0.0137988254224271,0.013215490889590804,0.014189926616014654,0.013192562950271465,0.013226726686639328,0.013962707324517501,0.014874839380319506,0.019108365596237256,0.03888389728322111,0.016112407362570337,0.01690393666894746,0.016209409643258427,0.018391182567025596,0.01629070596830939,0.01421240145912798,0.01708529001847838,0.0136359530164134,0.014260509004002248,0.013483212234471423,0.015258209235447066,0.015959584306059024,0.014375846834669056,0.014144386948166807,0.013536612279301486,0.013680573545799305,0.014081541760261634,0.014174147636037778,0.014129824200660761,0.013657729687869508,0.013784088182945405,0.012911214079752108,0.013707480386217134,0.014441395697206292,0.013719684696167862,0.013334637300671987,0.012058740909868287,0.014852970861435187,0.013906961570899254,0.012236023948889249,0.014481012154359055,0.015177282567607411,0.014496743226386489,0.014099082338185284,0.01228127340300574,0.014693161531266735,0.01349764663755078,0.015439666099250243,0.01271563734060847,0.012855376931508759
29,0.01317002112964337,0.012844561473385568,0.01573849225508033,0.01353683362021983,0.012523540240756444,0.012394835026331135,0.012634417215785934,0.01303401622239053,0.013941401136970732,0.014912309077871893,0.012398695920392359,0.014321432215772412,0.012574738864698915,0.013813536709246926,0.013916736242645882,0.013126067483335514,0.013236910178309432,0.013719752354914946,0.015080658235382266,0.013850450269797228,0.015833434157327592,0.01603922036870997,0.014257996433086043,0.01514118070611849,0.01483809239772889,0.01568018393650789,0.015360445607472946,0.014300620794314642,0.017985981596382893,0.03424063276066195,0.01689939964818617,0.012964367408739862,0.014991460112670546,0.014022306357834032,0.01462088695328364,0.015025102887966603,0.018056163188884405,0.013684384732033707,0.01732565063814381,0.014010563303676907,0.014209624687307762,0.013093329754291854,0.013563599426994076,0.014792809320811062,0.012905841304275684,0.013405669612112951,0.016179400249747084,0.013306873371067032,0.013444466978625402,0.013000832211994214,0.01312732145499677,0.013384777284803202,0.016035242137230715,0.015212437253834516,0.015700190246689904,0.01362745663633727,0.013293925983005599,0.012529687770154698,0.015244937862221817,0.012729328968064994,0.012706205573530728,0.012582247027088801,0.015243152213595549,0.01638844678424893,0.014210681639371423,0.012530003150668543,0.014086827666759491,0.013257781172331893,0.014159422395175246
30,0.012991383025576212,0.013577175719443176,0.013203162071664247,0.014193798018747268,0.012733687136472568,0.013782956236433563,0.012893873120783245,0.01401241679018264,0.013428575794863744,0.012580479147122488,0.013230081200130134,0.013695743379175222,0.01374205425890368,0.013934944294686951,0.012909603236688699,0.013331512922191728,0.01492027063058145,0.013314210223764247,0.013241104565032162,0.013782998214112118,0.013515002464792746,0.012909857097101081,0.016633629877460806,0.013182337090806968,0.013656998152692912,0.01365743563945203,0.014638107634083528,0.014844846120446452,0.01687056766590024,0.018712148077764102,0.04213976984572309,0.0165350699564104,0.014495069820478192,0.015036472419033529,0.016499793456890333,0.016992457677993206,0.013665585154197083,0.01654643930328047,0.013410678719731861,0.014230400939113626,0.014740387084716856,0.012649408143372386,0.013123746796092312,0.01494162711826903,0.015072787455064246,0.01302264503947907,0.014558326134380703,0.013671238571076234,0.01514729678737871,0.014586193455388747,0.01315634350802231,0.013751464772068308,0.013168682936581149,0.01376017807084447,0.014121578425833267,0.014897428086312961,0.013570602077233929,0.013069432511405684,0.013141934065945141,0.014813514694972977,0.013321052597087196,0.013903978889214595,0.012679075340803196,0.012415070643008038,0.013367489390609055,0.013540044392020811,0.01352835974103651,0.014794315575018528,0.01581310059685554
31,0.014341658499139256,0.013810667241015432,0.013502021063944615,0.013673523388897574,0.014686855484211114,0.013495275142942298,0.01525907379445601,0.01518997656794384,0.012660112687904602,0.013309378173473675,0.014495228149823972,0.013414495056904643,0.014771315722580093,0.014731954396478725,0.013338452101879474,0.014356111988150592,0.014449081071846961,0.013802277353570154,0.015108836980469765,0.014614194652322469,0.013571598125760247,0.013948376290551434,0.01477151433077325,0.016603039032791207,0.014858846512066348,0.01524157756202931,0.014939477892385325,0.018325319835623542,0.016202045988099142,0.012921172972328787,0.01859617614260462,0.03928543004656876,0.015243347318245953,0.017563297479854453,0.014337112768702075,0.014323793992001526,0.013189618280615085,0.013579192643481553,0.012916902960861622,0.01345472209907082,0.013748598736976909,0.014798783679076622,0.012832895031972625,0.014245740395941465,0.013428528144711065,0.014222872774912021,0.013563734631298495,0.014411773979356628,0.013406342914904995,0.013551309963825307,0.01439431729692404,0.013678707845715636,0.01242171039779364,0.013758234724565277,0.012932422211007837,0.012884855498057235,0.013691161762050085,0.01628488545024939,0.012325995981203007,0.01343407123371863,0.013734192333348817,0.013382621727725657,0.013254933436557403,0.01222362527257293,0.012558638077514006,0.013498927788710398,0.013398512982146919,0.013649363453092386,0.01339919048170024
32,0.013434131787083376,0.012714966115523906,0.013436427380096422,0.0136691147005581,0.012929865553537713,0.012557656158467908,0.012596942651216149,0.013279290020579336,0.013965291726717777,0.013575848153138859,0.01259349080028098,0.013583274152780598,0.013014214627538415,0.014972188914969958,0.013878041264272828,0.013583425356069698,0.012968166869822951,0.012853933567006804,0.013583610979050661,0.015034698031159411,0.01455781254160046,0.01402478087609487,0.013415334366215522,0.014182895830949331,0.013975310889936438,0.013716666181846034,0.0155181964116442,0.015400812886732793,0.018421590547690523,0.014973018125801275,0.01454775377837347,0.01717324138361137,0.03659251663869503,0.018661003210859665,0.014076521040824632,0.017147565154973083,0.015872197432235356,0.015242771228821107,0.014529057620519238,0.016327224237142137,0.01545433589337101,0.015202144399535938,0.013566527922595861,0.012644056724123479,0.013941361224126208,0.01408959440827823,0.014381348966426875,0.012765343844627693,0.013110767775858545,0.013086517433663607,0.01309576782895177,0.012653016186351212,0.015755950180783306,0.013787562531463208,0.015295091530935667,0.013338203236604194,0.01486805742629238,0.012868144544766277,0.01404693055694202,0.01286173924851665,0.0137062336349039,0.013038056493917372,0.016116869492135345,0.013743030715001683,0.015844162037290867,0.012817326847980362,0.014987353808263099,0.012984899633176332,0.01336875627867855
33,0.01272331945913387,0.012887271325170443,0.013303366834147696,0.01389138810817112,0.012805040498928229,0.014275543462963688,0.013233758736932976,0.01425673506889057,0.01362768329607588,0.013861325317589901,0.013068589960426492,0.012836671033723017,0.013525848676086168,0.01488742733394995,0.013038594861822494,0.014260796313778122,0.01390352060288795,0.012755063472151974,0.015005228041805216,0.016610792867095665,0.014561247984737982,0.015824174485750273,0.014914472090563628,0.014804703660646937,0.013854534147409784,0.014129828049139277,0.014964026238408422,0.014677621460469265,0.01630710401429606,0.01399601292018998,0.01508137917368672,0.017588966866707596,0.02050864202584016,0.03782935226505458,0.015116472921461857,0.019970970736522417,0.014366080075799483,0.014359174286156413,0.013477829571523938,0.015251684996078319,0.013785302905757996,0.01358202036535862,0.012638449884319277,0.013600270052863734,0.014747091020097775,0.014672136948112036,0.014257369039219935,0.013230032081719183,0.014159192233382606,0.013066403992786847,0.012991659682319464,0.012426865577171797,0.013628462443543841,0.014695579150608241,0.014636979542568691,0.012955550460839212,0.014399662519597954,0.013678649532657098,0.01240509354181388,0.013300054433378656,0.01284543361422932,0.012861165829998975,0.012853621968542105,0.012806174677595625,0.013471132359745177,0.013013739940757439,0.015004944309818774,0.014880921137079884,0.013063797511941188
34,0.01423941865713151,0.015596251724737314,0.012587541682064392,0.013686723423009115,0.01443409295753359,0.012686106993460409,0.014106939672147637,0.012904732612290673,0.014659121836511363,0.012630662546218899,0.013820568527624455,0.013151867774181144,0.01377420093576637,0.012795784777651394,0.013325382262695857,0.01295579785593386,0.013800453578345102,0.013720397352193547,0.013702609315026924,0.012947839932673736,0.012925883851308497,0.012743557536571165,0.01600987120288104,0.013182961660927677,0.01408480810911736,0.012614879909322125,0.012716052051880257,0.013476513905925884,0.014169705679127741,0.014534999777265897,0.01648276366532752,0.014300538828862114,0.014011067563443873,0.017076831206672003,0.04335858512585326,0.01575071597991609,0.014411261326709873,0.016313514252306833,0.014106685653706747,0.013506151676874717,0.01559398119677763,0.014349945501967606,0.01470259300923194,0.014964507953576199,0.01376434933182322,0.01468246997033257,0.0152852001915061,0.016244488192449683,0.013430961011676715,0.014956191722328802,0.014464475884843429,0.014982589651593034,0.012938029356587619,0.013266103082221911,0.01338906880287633,0.016968837545731228,0.012406100579877517,0.013613740935616342,0.0130326980417816,0.014906099864723297,0.014137972690562663,0.014588080588706132,0.014156851571095506,0.012763015380815701,0.01325733668565738,0.014196029311017768,0.01253456822126095,0.013455949383414212,0.015663920958748925
35,0.01294860905834941,0.013049724308069293,0.013003689137295875,0.013000983452819928,0.012893853717628143,0.013546715104125842,0.012901288968687469,0.013660814511814183,0.013198790559714943,0.012823423159214958,0.01280258778985348,0.012849885386425576,0.01323917836923928,0.0162169463010589,0.012877870695898158,0.01380948927319367,0.013472690755184329,0.01305461481123579,0.013575623306433852,0.01474134290820923,0.012767978051759528,0.013512580030750754,0.012270927347719417,0.012998418785774003,0.012851035189262588,0.013350295883173354,0.014131486010917578,0.013517648001749129,0.017095122243786086,0.014990470265960386,0.017035865916555145,0.014338550790645345,0.017129111945173577,0.019962369707988186,0.017834679796562922,0.037784415237104324,0.01686065364739805,0.016859065439751353,0.014290510396013659,0.016912391904550256,0.016947244459336614,0.01278376446873576,0.013013155395758036,0.014417936790154996,0.01510261650171537,0.013698638901949063,0.014744335660294306,0.013744767212612564,0.014410944486517835,0.012862161060616597,0.012888192690240125,0.013291063864507702,0.01547896039245907,0.014513975929493484,0.01496894262104218,0.012874016611154601,0.01584181153918268,0.013539353615799186,0.013069069895877567,0.01383683081837502,0.01303642269781097,0.012395712482852846,0.014146880614927552,0.013148683750938212,0.015196458258134348,0.012915937735074271,0.01578678571628675,0.01435277785119996,0.012830859809904331
36,0.01439740986278293,0.013161799450676404,0.015218698540287214,0.014288448572130848,0.013043975969651445,0.013420946352887967,0.012786864023750307,0.012142781247104112,0.014677717658862142,0.015223824167016866,0.01284775781952448,0.014231826694938315,0.012021224660833378,0.014285103449236738,0.013509734418270997,0.012828808841021219,0.013197003706201596,0.013573697162573877,0.015368027906059085,0.014368066518811042,0.015261102315902593,0.015494345844954877,0.013408306738595535,0.015114627833933776,0.013847394807054506,0.01400251769568558,0.01361024363768919,0.013447455376069197,0.013675992776116714,0.01805704934946432,0.013732821026052212,0.013234359592158036,0.015892526856802137,0.01439377511874609,0.014497128788728027,0.01871784109252179,0.0348840643651772,0.015353706116696649,0.01870714120436624,0.017170566398648803,0.014844195347127546,0.013450030308620858,0.013330215245597724,0.013549441430152952,0.012979508275399978,0.01366528249703163,0.015838401943455895,0.013066387142627601,0.013590755543675458,0.012929990906006049,0.012362316301941949,0.01281334698501772,0.015891051491517143,0.015318278097420427,0.015648003912656205,0.014337233166976368,0.014076876603219967,0.012471524931180488,0.01542738296800115,0.012404380139680267,0.012784004341224078,0.012718202114015234,0.014576450451955138,0.01626913017996341,0.013757208551844065,0.012628528761508164,0.013861749168502295,0.01324042027344371,0.015073018962252075
37,0.01339126911152905,0.013404599858170746,0.013379106379671366,0.01365049129225356,0.013589300497339652,0.013154245867670458,0.012486244500737554,0.013348754846868408,0.013605352725665371,0.012927310085706842,0.012828238841281352,0.013677413906243248,0.013323561857012264,0.013229705569026652,0.01293776652707421,0.0129661933583522,0.01344860324879195,0.012278133140305215,0.013120016340699484,0.013501176620560223,0.01384539803175964,0.013039255026389935,0.014770948912843416,0.012987941621464494,0.015408180939338325,0.013538280760933497,0.013173498457253586,0.012995966998218072,0.014228765607747756,0.013614616766489228,0.016542262550627927,0.013555123692553774,0.01518373656153017,0.014312804152712515,0.016326246966508643,0.016811862873663028,0.017208896228752688,0.043120636439126635,0.01551028017258725,0.016212469916309778,0.01664200461057098,0.014063277056805544,0.01468465006038143,0.014995576347246721,0.015321060545963092,0.013291834077025375,0.014426514870876313,0.0146805225843187,0.013781421179844254,0.014922285371364382,0.013570532695116488,0.014333813756883971,0.012918230469389804,0.0133948869346214,0.015575643573649373,0.014768421977151057,0.012818763982782373,0.01343389325122007,0.014206663211104524,0.014230008292571122,0.014401523684617003,0.0163141036880744,0.01327801505568848,0.013724816295093565,0.01468391942883237,0.013214046966027862,0.012661026519081407,0.013423862977862954,0.015604023284065014
38,0.012861983177809387,0.013240299106645039,0.015456725570069442,0.013771319876028833,0.012942710411164715,0.01242679927989635,0.01255896492194793,0.01241467165505339,0.01449990230543756,0.0151827823679349,0.013037738213234213,0.014768620828423642,0.012512394847326067,0.014107825745393682,0.013550526364630779,0.012910019679167167,0.012147667349178985,0.012752652356981739,0.01465838986684325,0.01291136667564023,0.015473723256234966,0.015393968998759505,0.013548512534552852,0.015455758242526051,0.013921750558601292,0.014060327699375146,0.012886364288147795,0.013313366436354843,0.01351463842806943,0.017316039206791454,0.01346852322323262,0.012952893496913991,0.014538882845078139,0.013495658637408333,0.014182169978030928,0.014315579896231886,0.018695845834064348,0.017525253519704888,0.03490204091280755,0.01533687190407646,0.014930738381190148,0.013568401566984759,0.01445229149870112,0.013162927736655441,0.014142578727440748,0.015710426791582393,0.016205925935020973,0.012981276822791864,0.014747214412741122,0.01304293960680886,0.014468769870800832,0.014174650110012095,0.016368989270578702,0.015555766162379848,0.015977506481765866,0.014747831128209946,0.013939515122901982,0.013266809264740434,0.015456824004670213,0.012814316349476763,0.01334875970069722,0.013531012940465135,0.015447356326963039,0.016065487861283662,0.014473688128314765,0.013178579387358346,0.01386552424239301,0.013652967072935042,0.013709394598366002
39,0.013191154447500197,0.01219944087708376,0.013137201589945762,0.013380426730290296,0.012462146370749647,0.015277330013003649,0.013307646085506709,0.013725558070479569,0.013700620123786124,0.013016566619017175,0.012190847112249466,0.013100089157050231,0.013445220786714443,0.016132427074308286,0.012756008436399157,0.014169465218718416,0.013250413727439939,0.0126199655861627,0.015830687271986665,0.015545703683955796,0.013222325598500945,0.013472959352921155,0.013015245503170564,0.012632297972825985,0.013550383507979631,0.012996064995305822,0.014703532550085703,0.013494771101654734,0.015273945257243066,0.013984637314621814,0.014273252901604819,0.013474719489926209,0.016317084083966576,0.015252061731240411,0.01356081912276088,0.016920096749880355,0.017137951853202726,0.016265396287071746,0.017115084326033914,0.03710206709664188,0.016907695685066088,0.014857929566673785,0.013680788633099187,0.01526814828326449,0.015002068991035294,0.014159877147681445,0.014762262288293533,0.013535631329758494,0.014923099418458638,0.01362728459607302,0.012961226122306902,0.012731731756763561,0.015305517494211282,0.014113146949757295,0.014061142517210882,0.013056714848953117,0.019736523770434063,0.014176914559781002,0.012782890737076487,0.014322215201665068,0.012546008235627567,0.012617814737103305,0.013708638120172268,0.013324318379381422,0.014661210108410882,0.013365756161762821,0.0156946545807973,0.014358682498980643,0.013546491501213183
40,0.01467701163847251,0.016455651788102724,0.012585123395665091,0.012623995222438936,0.014630657597264422,0.012570635406884825,0.014572193485469072,0.012598213319428554,0.012960732333241177,0.012968796873783358,0.014733136990255804,0.012559878946843368,0.012634667563691783,0.014647481279640136,0.012276777288061628,0.012917851151763731,0.013637922266404248,0.0139941784532067,0.013913735729395051,0.013153468408124333,0.012625004365376915,0.01378032595673918,0.013864280512347976,0.012940197564845763,0.012289198115784052,0.01313670314993846,0.012886215380430983,0.014201450157369837,0.015963349982517243,0.014172061050278264,0.01477302759949895,0.013758092793856806,0.015432466316757262,0.013774690106800514,0.01564465906468202,0.01694149370143442,0.014804227638439754,0.01668306723111054,0.014899533994443676,0.01876250847114851,0.03765958592097262,0.016717176381496987,0.017008384380606235,0.01535809439127092,0.013626851772419351,0.01703111595814095,0.014121227040988369,0.014997042228006572,0.013661807034768119,0.013588169542808826,0.01380749711873631,0.014162368912793927,0.015179759713813024,0.01343953587215387,0.013436854435097234,0.013413407806047857,0.014645825131718297,0.013478923508570733,0.013397575950556294,0.013375576428447744,0.01371161473130851,0.014026296632858844,0.015147562960511033,0.0136147403313216,0.01542648391257654,0.013406469144993004,0.014521878109989256,0.012336085296965145,0.013257427058123161
41,0.015264848119628902,0.014088605895973943,0.015376912562629736,0.013084873596154744,0.0153348259285764,0.014294362629841314,0.015984079902372696,0.015001412073679105,0.012686469097885655,0.013466395270846003,0.01448589665567876,0.01240092968704545,0.014300002277368934,0.012601604767439583,0.01431024414789354,0.013978908443666727,0.01282309699783147,0.014690769577553258,0.014344864715242479,0.014103530974600499,0.013179797158949217,0.013034514462625867,0.014618634118262737,0.015727245997535368,0.01248054858144682,0.015449557899733228,0.01785811029964021,0.014906740323474046,0.014373955844988729,0.013053919263954267,0.012672760751908308,0.014803562059410105,0.015175054284936627,0.013566577826631825,0.014391291105555277,0.012774731311178672,0.013408888079829831,0.014092797258104077,0.013535069726932445,0.014840669757118456,0.01861565494704786,0.038544370452754745,0.018675411998147488,0.016398603212992743,0.01411043983153283,0.01711982790401945,0.013393970867402672,0.014614613387611629,0.013185003722941237,0.013942575410538158,0.016849019370354868,0.013503326155700855,0.012829429355804743,0.012506871289724037,0.01282005690876631,0.013572398830018968,0.013044176949049859,0.01510364686775565,0.012856000289351443,0.013290989697739472,0.013275087499878274,0.013575882247991056,0.01330947060240149,0.012834634711188966,0.013123939533680955,0.013966839842928569,0.012824105121013455,0.012229668310858772,0.013316925246678222
42,0.014210135362477831,0.013591802236644343,0.012610995634977034,0.0126551851907822,0.013152465909794147,0.012211752718281132,0.012596181543913237,0.012716732753380837,0.015566662059829183,0.012952385035598455,0.013518236090036837,0.014088417909814603,0.012608440870942862,0.012641867740743072,0.014224932526660478,0.013134133585306868,0.014347636428049088,0.014030896873513566,0.013959309028265776,0.012646726636998187,0.014204031398578863,0.012625740342931001,0.013993262042794037,0.012536658989077033,0.01357527854463426,0.012811365977905081,0.011865897095946725,0.01398436687658468,0.014122618636990433,0.013503738069909928,0.013129467316714546,0.012818968552359094,0.013523289534050718,0.01260630984764116,0.014724198896651892,0.012985655086341388,0.013270732601093169,0.014694760304991266,0.01439649448073624,0.013645660826746148,0.016978202337018227,0.020593133776731068,0.03927425119120075,0.01798409006264071,0.015373470966814197,0.01821924175874084,0.013934474401014215,0.015514428978064685,0.015530521404826598,0.014515542093882405,0.014154631497978855,0.017635150776597514,0.013462088342021575,0.01379198413643411,0.013394439478075988,0.014575451151375613,0.013128827569983017,0.014500031333836242,0.014378511279516868,0.014294626108720305,0.017377522629411137,0.018203601117500797,0.014607171605123252,0.01443340667882439,0.013820956113302208,0.014330797859685754,0.012168494470737921,0.013745269288723869,0.013596290032529544
43,0.013030436369385518,0.013018327237844008,0.012410587328961583,0.013007911757749471,0.012751752815818923,0.013882487683977355,0.01301290720850821,0.013086531469523786,0.01387094128799574,0.013095791682914665,0.012666279223168873,0.015495476438773177,0.01386966007261577,0.01273625820963559,0.01265291152173759,0.012913107619065759,0.01681741100969705,0.013229936479842585,0.01514564275422054,0.013639561359250566,0.015033878333370559,0.012428864616724522,0.01384516087270363,0.012177923445120498,0.013361601309122622,0.012792852636652934,0.013594499157865142,0.013303458243362312,0.013509793885529357,0.01472100091806055,0.014941520264331666,0.014223978803666597,0.012598176813696998,0.013559676520228913,0.014979861973609544,0.01438109631988854,0.01348300696112055,0.01499925531057242,0.01310630197273762,0.015222200528696609,0.015324051601204888,0.016368267786646656,0.01997148966380404,0.040568471327277915,0.017387049204776024,0.014406618871672694,0.015053413625147886,0.019221482594508118,0.01522620759810529,0.015549307665860181,0.01395155027451549,0.015054560099627344,0.012409518301045116,0.013562414982372636,0.013462466306741952,0.013508440383350221,0.014502391943613382,0.014440837480567395,0.015651556459020173,0.014666666301369565,0.014380855849192487,0.013960333860471826,0.01283006058224577,0.012956203642709847,0.012586953485801886,0.016464508618185686,0.012889540656282382,0.014167230312729928,0.01287952210340479
44,0.01241621983037151,0.012973870693110621,0.012946507392612692,0.01331359259502146,0.012361954082174529,0.014361512826141341,0.012371929877031118,0.013000968131176373,0.01364789088390976,0.01246351351289334,0.012741786300409293,0.014319830180441457,0.013089403720821017,0.013760532219720824,0.012859761389574254,0.013212962194190467,0.014542629912414914,0.012144742445739534,0.0133780162031052,0.013881162335868145,0.01387733232788197,0.012946382674390763,0.012775853179605697,0.012356168990023684,0.016338296928685152,0.0126406808870076,0.013870023039455058,0.012421888839437928,0.013644673242132895,0.01283491811834371,0.015062968593083854,0.013399376359359836,0.013881824358393764,0.014693601563138382,0.013769594720095323,0.015054321054327382,0.01290754678083929,0.015314945843105804,0.01407266596698684,0.014947285482458314,0.013587886371952787,0.0140752629319147,0.015356762359067657,0.019427588574482027,0.041533310909016914,0.01479322021400651,0.0156816716750579,0.016353628935363844,0.017251463392890406,0.017308601654259168,0.014792095589534674,0.016700164439489296,0.012835699642131515,0.014870710780643583,0.014218863304165155,0.014951460326008015,0.01524554751698721,0.013911823132378036,0.014001727916298019,0.015078233348458621,0.01386398850758766,0.014045458308507692,0.01342575935939884,0.013622270134030896,0.013025893457574211,0.014987911584167646,0.013602884335088503,0.01703431086031465,0.0138166647637429
45,0.015942396150995932,0.01424531097258873,0.013574640907453672,0.012768733858796988,0.013939875304705652,0.012189783142533524,0.013877869477362406,0.012619015648541764,0.01302205852861416,0.013610447528821117,0.014082888291683759,0.012688182139227589,0.013121237766138322,0.013353347804844767,0.013097287549747354,0.012675559725249657,0.013104240035530764,0.015984936952954235,0.013590095358661647,0.014807397845127952,0.01340869399584636,0.015806762845252263,0.016327558012356646,0.013943790140951488,0.012823205582618093,0.01350345322218942,0.013058240986771314,0.014854432833406737,0.014085258318798578,0.013370605274948842,0.01305184695602832,0.014233092483485161,0.01407004967248433,0.014661251528143585,0.01473059763683697,0.013694373576300982,0.013628870229501388,0.013325003199972332,0.015678031463205882,0.014149022280847462,0.017031592383796396,0.01712659918301532,0.018252140558424598,0.014439027464114473,0.016798295206234323,0.03697524590777489,0.014867230301111171,0.015109567241904149,0.014888687549309219,0.014478466962757598,0.01621385696477731,0.01515311934029156,0.014498602900923668,0.01339159897485205,0.014130094249804635,0.013927664320564023,0.013338047526425678,0.015237050727356302,0.012997813255989267,0.013883840953913942,0.01310731604082411,0.014542368907909966,0.014068374817013412,0.013461006892090172,0.013913528007157264,0.013031338644027654,0.013834636062288,0.013198219559506785,0.013405223866315812
46,0.012656300383354186,0.012556545516786444,0.013338845759356135,0.013193073811886351,0.012656140910847317,0.013426202773625329,0.012807802484053828,0.013697645045984544,0.013059139495115878,0.013233557539613605,0.01255571854059673,0.013459624372658258,0.012997736636595867,0.014930977619481933,0.013129846113586327,0.014332211027528989,0.013339966023903681,0.012726087485544622,0.015154456779440075,0.013871999280708727,0.013557542113342046,0.013361561438786376,0.013363511073586642,0.013372031389742642,0.012997892449202545,0.012886717967313029,0.013692841144677009,0.012706184962959154,0.014173095308780765,0.01613162514564392,0.01458603867039601,0.013568891736190322,0.014356544146349832,0.014241974717803783,0.015330118915667029,0.014734761455205334,0.015790858767242913,0.01445762597896359,0.01616704119591958,0.014745958567865472,0.014116847761377827,0.013394738397895496,0.013954916582698691,0.015082176445188215,0.01572176418284404,0.016750998642080916,0.038606932428876924,0.016732758252721188,0.016353926305532077,0.015792526003464973,0.01514473057259002,0.014897129659195103,0.014584942145102421,0.017777871020208197,0.015483986905636805,0.013872063574934923,0.014988128063558792,0.013407233783628155,0.013226249579817913,0.013927024656598275,0.013823220960323707,0.012862334661898815,0.015140653163167338,0.01381430807533664,0.013722789118318429,0.013058882646791087,0.015317047496398653,0.013998502925509701,0.01309862124199779
47,0.013771492639371824,0.01264393792646485,0.01203781762950581,0.012214302978320882,0.0137685451489759,0.013247493596916822,0.012547870860265967,0.012507840732562378,0.014309935497574564,0.012319808380466818,0.012978061296347683,0.015222247050486304,0.013192485137594365,0.01354121946717653,0.01239966914802724,0.013058598217829532,0.016807824136067056,0.012976182184052769,0.014688246318598048,0.013068236980552449,0.014982806105870779,0.0122902165517655,0.014158068074272343,0.012232519836377936,0.014188463384916665,0.012447546271956624,0.013468068037277767,0.013437119545427494,0.014098221047650324,0.013238888622041216,0.013667641538734588,0.01438607555566391,0.012715768275012352,0.013187167370416036,0.016256993306069726,0.013706137694472539,0.012998993071803442,0.014680365706822143,0.012922124113127587,0.013491443235530602,0.014959969614744082,0.014583844291319158,0.015503589112853515,0.019216562666221935,0.016359983520489514,0.015071794851443993,0.018652943909781665,0.03974086625827179,0.017476461782469206,0.01681199390688545,0.014577487933445245,0.015243747945815194,0.012490946827730103,0.014113369264002766,0.014091473690583979,0.013762824229268897,0.01355360463128946,0.017368991613041913,0.01517384129766871,0.014122258148792075,0.014270687391765161,0.013556913787144466,0.013751776539896229,0.012890445328709671,0.013552498899436563,0.01618652102395823,0.013372286500453688,0.014750213523576226,0.014935658836573634
48,0.012708038114151504,0.013257693272751355,0.012930684511768493,0.013295456399142327,0.012374514305102195,0.01383670216958996,0.013201364007116525,0.01478220726978402,0.014456969084650457,0.012936789162151156,0.01275528051985198,0.013090928678490446,0.013378870622104086,0.013010025685416694,0.01278918675518699,0.01267595826572724,0.014201539817496004,0.012247016459242603,0.013784460283844868,0.01368230941883787,0.012937690467994211,0.012991070779411822,0.013004347560379126,0.012344921296855155,0.012960512748494295,0.012985247684582717,0.013379882929498845,0.01211534587592278,0.013613640295952243,0.0133624869603101,0.015128262584517455,0.013369138409667254,0.013046872368365407,0.014099291845544532,0.013427942837278554,0.014356161924219055,0.0135072205974039,0.01376757864194061,0.014665426329063123,0.014859600275122615,0.013614492130389599,0.013144169343599648,0.015504247480141424,0.015207182988388116,0.017241016389818196,0.014836708552850554,0.01630234347893731,0.01954217773276311,0.0437187517999303,0.017321194618209915,0.016720928004229745,0.01832193882231022,0.014262332549862545,0.015902375681439755,0.015117335181592027,0.014033442928271519,0.014790329974089123,0.013837029767098146,0.013656241264996559,0.015363887669587482,0.014436119895846283,0.013337258537789097,0.01412524640227522,0.015753609214873125,0.013083661244276361,0.014051467804588052,0.013662587876352005,0.014469316551090246,0.013323968899473704
49,0.013300993502346117,0.013555736814533696,0.01233289816854309,0.012786547730148468,0.013585702756523052,0.013285034716657916,0.012894688893306378,0.01310406989881206,0.013236106906859292,0.012601585512732464,0.013331083606486103,0.013564971135104478,0.014620880116216393,0.012784231330255325,0.012122154743541131,0.013089568377661889,0.014814524750350508,0.012782129257844102,0.014149949343669246,0.013255271688210364,0.013374557916450648,0.01229072135874871,0.014042640675096394,0.011837880076827402,0.015536632619187328,0.012695449661186674,0.013221372584542198,0.013026255434262429,0.013719318534284625,0.012902491968201158,0.014546369895815918,0.013493764094163831,0.01300352555105874,0.012991929115987942,0.014930768352029075,0.012794360542755673,0.012831556769183848,0.014885301644142878,0.012951465701897055,0.013549278171837396,0.013521130169225487,0.013878886670739611,0.014469604260752842,0.015506965486715754,0.01727259719690947,0.014406632157921807,0.01571948602247362,0.0167705058948483,0.019498510591544005,0.044464393031713165,0.019332420674051734,0.019266201701582577,0.01399006260139352,0.014029981968153513,0.014020834419139577,0.014426431843089322,0.013294055151518299,0.013670454827095975,0.013974299861849369,0.015292218602320148,0.014986940551757382,0.014573208448220179,0.01388407487875559,0.013220384245876625,0.013253872695041474,0.01687523201054924,0.012974240249211197,0.01584997665399935,0.013752627216089034
50,0.013713939544087185,0.014171780850089678,0.014907170286246807,0.013256816060557362,0.015538358141867971,0.013796196819471819,0.015992786198344846,0.015770552372208597,0.012910832440042208,0.012894753464206796,0.015205199235854007,0.012915618740703346,0.014393880862076793,0.012405585938756503,0.013424510659942296,0.013623895081305263,0.012769385279063574,0.013918650362098455,0.0132855040658945,0.013271837413713067,0.012517827996511448,0.013205881091159808,0.01294692050414043,0.014614659365013974,0.012405934539063381,0.015089185145834724,0.015708452116579088,0.014118344343764385,0.01287280978608591,0.013050595745086028,0.013143155158734711,0.014358024128333818,0.013035262079864522,0.012939990851017104,0.014464905761074365,0.012842466304060505,0.012289458701926024,0.013560352135435728,0.014392187839271086,0.012909359450743656,0.013763179405992086,0.01680111211671946,0.014134281428758314,0.013937664458114096,0.014786900135307495,0.016161363500223628,0.015100803828328997,0.014566707621206468,0.016725183385378053,0.021547211977042253,0.04272928734830194,0.018825781377001256,0.014785817064677806,0.014123041786136204,0.013718877936645143,0.013718868630713525,0.013314706482678235,0.014462410710773402,0.01246231826256134,0.014244392531784765,0.014671037619438743,0.013108562898186134,0.01420499587490721,0.0127257007214099,0.01318234550677117,0.013705704128709575,0.012595587750269397,0.013523837747648914,0.013739290904082777
51,0.01335542059073252,0.01424038413949752,0.012752081336605737,0.012229741791954466,0.013503116847064687,0.012529981132633027,0.013243306243518556,0.012534196363216807,0.015324794400741911,0.012332186801873951,0.014438303154350778,0.014056021133976585,0.013714059301431606,0.01207064489381353,0.012258471347162198,0.011864558928918838,0.014720128427711953,0.013603186912387518,0.013381563650544,0.012654441651898309,0.013950533530923261,0.012579350080732207,0.013990354141206194,0.01283930120382816,0.012977324342066134,0.012596433568650695,0.012096635031658256,0.013505228252805293,0.013658868233805924,0.013298914034466848,0.013729799771737456,0.013636392509989208,0.012587331687660528,0.012370343140130958,0.014974440494703761,0.013236311271010675,0.012730524667125556,0.014314844724041624,0.014091537133072806,0.012673509613292718,0.014108814559689238,0.013457208167557022,0.017599695605515164,0.01503094960630441,0.016684722780141475,0.015095396233414852,0.014845400702374615,0.01522373740975828,0.018316089314336207,0.01928851033950109,0.020930901227905866,0.04193545989417206,0.01620069037016996,0.014425928037320394,0.014394634975089806,0.014568808886582258,0.013847179330101515,0.01430933377530409,0.014193565167741973,0.014744346539876628,0.01730136863969521,0.014451544376419446,0.014564281368258967,0.01427051655775257,0.012956172199558537,0.015662988350833094,0.012998912940690865,0.013965879258251209,0.013982396902740519
52,0.012821377097822786,0.012648809020272765,0.015419854674216645,0.013450725970136577,0.012717600008121605,0.012745334006533167,0.012884477448698488,0.012349206384806742,0.013451381481807877,0.014661816443507308,0.01283471566806812,0.013446867110267753,0.012532075362116913,0.01564106103573987,0.01350705790482655,0.013269901873670114,0.011956558794219837,0.013732652320531101,0.012770108974038933,0.013399752885627607,0.015147379477965265,0.01616499426834795,0.013341506393565471,0.014882216884179563,0.013796447692088412,0.013899681765637308,0.013270441293144596,0.013384383067711579,0.014470340655183645,0.01602112676958062,0.013221176086281684,0.0124522641397086,0.015761469892741027,0.013642046101530856,0.01300302377282763,0.015501064409515507,0.0158762838743535,0.012972999986100865,0.01636365787920709,0.015320394261456993,0.015206596569885185,0.012856834621776213,0.013509862242800201,0.012459074360416971,0.012895265809763337,0.014523829227562124,0.014615259890537061,0.012544038833666409,0.014337201448949441,0.014084283176435971,0.014859652254058732,0.01822849209687617,0.03561023393496348,0.01604938797101562,0.016268949680716287,0.01536938161856398,0.016460761110045304,0.0137552447262845,0.01607300319962169,0.01350569723598404,0.013510511908077961,0.013171640056945924,0.014187800385991973,0.016779220163742524,0.016159863234754716,0.013670261668563322,0.016072056502069502,0.014106979649357504,0.014394383284414931
53,0.012719013552804937,0.012785330132015101,0.013378620700867082,0.013205921217584222,0.012595711860292137,0.013332881054376081,0.012740063243275332,0.01319560504783449,0.013491258855229811,0.01259570765694679,0.012778753935076494,0.013377793805765358,0.012953356416075305,0.014574219982375283,0.012719830066989986,0.014410547427466737,0.013636895380110085,0.012802960652116661,0.015235467313406375,0.013880627129919295,0.012562217320076776,0.013450032749714295,0.012642544403287038,0.013036755756637776,0.013595714070625207,0.012832958881862214,0.013378298333195083,0.012580831340540732,0.01371204706186175,0.015160199335867744,0.013779719575900063,0.01375682511810011,0.01375714105355541,0.01467262893658982,0.013298668769057451,0.014497553082776974,0.015264927560783712,0.013417296547226896,0.015510954014469064,0.014090758266321918,0.013428885638248013,0.012501553264854543,0.013805553097123313,0.013581772763388065,0.014901536711925822,0.013380612421737466,0.01776929346800235,0.014137131966533906,0.015944996024090278,0.014088371028358204,0.014157290342937006,0.014469210793236003,0.017881033102979074,0.03949270966274588,0.0172155637245016,0.01765276593308953,0.016860916930915733,0.015914568112299576,0.013791021886075021,0.014402158644967196,0.014172601500117295,0.01313551792666251,0.01742775380409647,0.01510351169826192,0.014615860997898359,0.014097715130847153,0.015683581833826454,0.014983403217092425,0.013994470764211368
54,0.012623289085682244,0.012970853863827967,0.013184060463218853,0.012974823064184118,0.012933129065660368,0.013532752911192556,0.012666408412937737,0.013022340241518476,0.01371027317160773,0.012724763237225182,0.012685114757833488,0.01350071093230933,0.0127811585729624,0.013541987013294284,0.013067809835109925,0.012508717311500023,0.012740936914717376,0.01276289319400479,0.014687108814389444,0.01295675506911794,0.013261031043084407,0.013391128957627983,0.012856954332114706,0.012793993100214977,0.014767558618813622,0.013278307450825096,0.01295288984716798,0.012866192888233116,0.013318786703390156,0.015636383686342924,0.014132690868735547,0.01292292037795797,0.015251693434335354,0.014604879767184884,0.013413449134223524,0.014942550236488605,0.015583644626565918,0.015591836024111091,0.01592140531490119,0.014029959029968985,0.01341771641376906,0.012806502541294309,0.01339913916481554,0.013473156438528842,0.014239328223580521,0.014109574152752305,0.015466729714655875,0.014106273937968143,0.015148266619231661,0.014070282593266219,0.013743450374027428,0.014428694243600299,0.016217107104476356,0.019210249871544263,0.040765650493925026,0.01556671858097023,0.016593835287415128,0.015283958608481788,0.014416533339737806,0.015127814576036397,0.014998432836663016,0.013913038747511196,0.016870455268838676,0.014541840511534131,0.016344881442114677,0.014691146668448722,0.014241619486197623,0.01459295568410435,0.0151205056999282
55,0.014074392410006041,0.013474435493059269,0.013467331681515602,0.013369981474034863,0.01309384603262451,0.013024091232522409,0.01242516058506137,0.013459440203105145,0.014278252126501367,0.013957446769481364,0.013478159234033435,0.013335894303910929,0.012589662048902854,0.012747312203734965,0.013250257554737353,0.013083195461251066,0.01336290478839485,0.012866789437406333,0.013261175173372384,0.013374209464505533,0.014044817719543613,0.0137929101337005,0.014707944561604147,0.014084172116587065,0.013978724801910584,0.013392699810796736,0.013226173195430522,0.013022589341385293,0.01202753676313906,0.013553063865994731,0.014888268327678141,0.012857354506562757,0.013281728243442828,0.012909031569537452,0.016975925388130805,0.012833317488392487,0.014258265933978992,0.014763068121844735,0.014675463429598357,0.013009511360649994,0.013375542246972565,0.013539058742075718,0.014560142729470416,0.01350023119669651,0.014952007527722602,0.013887958534695698,0.013837194442745799,0.013757981942870097,0.014042460252528187,0.014457032600512476,0.013724191093582206,0.014582825964864057,0.01529894684564752,0.01761689342506275,0.017637057218182112,0.043008750228961445,0.016089318017568157,0.016194260551303026,0.015352375581119106,0.01626503502618398,0.013888913074816175,0.014461894478584604,0.015727226495861196,0.015237602177587226,0.0142776680203336,0.01391484477096971,0.013984739855197378,0.014227711423740129,0.016343631176075096
56,0.01257494208686884,0.012472110576994799,0.01300626652687715,0.013545602284004466,0.012479670347377757,0.015243268127647787,0.012297316213352415,0.013381334183099948,0.013115591781140384,0.012854113823625972,0.01206287074706308,0.012659690232715492,0.01289286362066586,0.0159444186496195,0.012628337993139845,0.01342482431731163,0.012528525285815308,0.012446385837291643,0.014962846785504842,0.01514973503009507,0.012795698674301003,0.013399254864157094,0.012080988769101119,0.012429313586224925,0.012227016986826848,0.012547153759677588,0.013851636673221283,0.012819129668253692,0.01484629226404344,0.013249694976176877,0.01359132988682616,0.013691225256351764,0.01483684081314493,0.01437871429491736,0.012437887134424844,0.015825581023049453,0.014029352062410832,0.012841584981715866,0.013900847654917918,0.019707324834985513,0.014635786351542189,0.01304002694764169,0.013143151631837782,0.014524646845923578,0.015278786703144604,0.013328532294306522,0.014982501034714801,0.013577878947433071,0.014831558246063697,0.013350811252646954,0.013348424333374968,0.013890213179340255,0.016420447992310794,0.01686272280357731,0.016606113245686942,0.01816373359197801,0.038619123599234965,0.018007013729039133,0.015568546634134539,0.01583249631696643,0.013900456193181922,0.013591117809419202,0.014328015261557988,0.015791710529534146,0.016175530089639272,0.014760334438735787,0.016668792010480014,0.015203757546747151,0.014410187824866073
57,0.013881229986694853,0.013225025626880603,0.01285729430349038,0.013241788111344022,0.015032878104429458,0.013472617448285056,0.014035720433603373,0.013695508173433806,0.012968408658790844,0.013088662735956815,0.013606769416221142,0.012397844794601024,0.01348162608862185,0.012882175479041972,0.012998021232122027,0.013588405745288345,0.013282921981826975,0.01368467001505887,0.013868567996874172,0.013833529173771878,0.011769130896108159,0.013620492803389282,0.012632715222394396,0.013048019778844643,0.01334310832166383,0.013480021801647295,0.014120348397828972,0.015579526398707902,0.013877645346191538,0.012467280366699252,0.013067677903818012,0.0162579422048714,0.012819821879389334,0.013636088658154938,0.013625976916838542,0.013503041601269711,0.012408798223894396,0.013435481179484733,0.01320805762421537,0.0141324542537155,0.013447336689203284,0.015073790797131162,0.014491767835964687,0.014439002017507781,0.01391902269681797,0.015200918644212351,0.01337996436259398,0.017371230312921638,0.013852579359011238,0.01370604007524251,0.014474979284940527,0.014329989154834763,0.013698791771098588,0.015889865558451243,0.015269890630788653,0.016202048337840853,0.019942949224497578,0.040092432459646714,0.01625437471339997,0.018894151839451603,0.014580037145414053,0.014017361060444386,0.015888629411952154,0.014184187293367113,0.014645691805634001,0.014764100767413994,0.013927757172920854,0.014120735463452591,0.014783078828379186
58,0.013228496108485803,0.012731951207586911,0.014998361063435125,0.013458172446605535,0.011931032887523185,0.011942632181061587,0.012298724193514257,0.012177020659909997,0.01427595299264676,0.015320944061219687,0.011894905349829026,0.01607735085107835,0.012094945333099174,0.01314770060386976,0.013718755777751382,0.013588157769731475,0.014915515810591954,0.013413076142975357,0.012290375834111763,0.013619849925827989,0.017705973811831286,0.014669945108373092,0.013317884890486508,0.014548367464484837,0.015149174495572583,0.012824682634455286,0.01310982293306034,0.012871905594924548,0.012240150743377757,0.01520617743605763,0.013172369142309005,0.012335757041806152,0.01402847343108461,0.012396798875915207,0.013076376550541923,0.01306595846393919,0.015387403489939814,0.014243159411822389,0.01542608249860699,0.01277402792305995,0.013398933008235128,0.01286202804368843,0.014405530875594283,0.01568791569807188,0.014043302392528555,0.012998766195829405,0.013231692700554663,0.01521298469751199,0.013705089327057647,0.014045008597613123,0.012503713565361455,0.014248884359517868,0.016046262476555054,0.01380335734262349,0.014438558350391841,0.01539739693068987,0.015580803240333545,0.018225719251046543,0.037130460950052506,0.014775955083875436,0.01644215291742471,0.015648560843315003,0.014139362186400254,0.01734699697477289,0.01585714268623171,0.01760550947925959,0.015017629404956469,0.015804272862839485,0.015721596415163144
59,0.013071317472651152,0.013396504316681535,0.012099334528835156,0.01346199384854725,0.013034187866119692,0.013649366719636092,0.013707668268690893,0.013188667985221768,0.012995090034073361,0.012075774096638616,0.014121815342277542,0.013056181877555133,0.014202808648392087,0.012309226698433904,0.012534073788374636,0.012865629133451996,0.013124060641914565,0.012983811492426776,0.01355524664589139,0.013226493905254036,0.012790974872138587,0.012508698739187857,0.013734927791902038,0.012063613891054616,0.012745915375595862,0.013176222811303913,0.012852773779758873,0.013613471438888077,0.014390129249615987,0.012613024349170698,0.014749661385707798,0.013355826256888621,0.012759921654579938,0.013203292935318169,0.014857181886090752,0.013742082519260694,0.01229044130459744,0.014172247618806349,0.012704282943155253,0.014217666013547167,0.013288495812822796,0.013209312924446296,0.014226808121675533,0.014603550414883608,0.015023025421129151,0.013793065477974103,0.013840646147363002,0.014065085141835916,0.015316909329674302,0.01526798685858136,0.014197224172447138,0.014703957000214188,0.0133940895752056,0.014319742306628342,0.015050762854969287,0.016204888629747605,0.0157402090324449,0.01881523503656273,0.01680476922047234,0.04903887725555198,0.0179505266773091,0.016746055752977926,0.01657977711313208,0.015780090303368483,0.01351951101625223,0.01674211796316206,0.01412222059022137,0.01416562541904656,0.014287824302263665
60,0.013276877493295395,0.01340322876130484,0.011918596773414178,0.012331598614946692,0.01292849049420012,0.012378314612013584,0.013062001439378973,0.013232819555439791,0.01580355391378732,0.012448789879808873,0.013778669145975433,0.013704894794402695,0.013097519652338853,0.012453986880347425,0.012800283727517663,0.012058877665681842,0.013985296452124532,0.012673893357472968,0.013493924278169226,0.013070263400300541,0.013389877200221886,0.012280717828545056,0.012828820167122633,0.011979676600149803,0.013201567954697698,0.012555736833417756,0.012142311704586593,0.012691406438646424,0.015102283272372586,0.012607019278682675,0.01328144402150909,0.01367253533707182,0.013615990922042869,0.012769104026265552,0.014110498848861964,0.012964541746611801,0.012683588253780322,0.014362327881942279,0.013251909061626505,0.012471149827819834,0.013640639586815637,0.013211225792173672,0.017318303730154812,0.014338198612457992,0.013831776006463204,0.013039104161231605,0.013755934105686665,0.01423199976327765,0.014411305149875719,0.01498328636696368,0.014642092735877965,0.01727714466290257,0.013416857571452171,0.014110422040786148,0.014942078664597631,0.013856135547895823,0.013837988612282394,0.014538636980437065,0.016355387087072053,0.020322664562235575,0.04491018419384059,0.02119157055653661,0.01861263967622773,0.017172493564119557,0.016612815193449624,0.017198322430640605,0.014744358264417442,0.01483517174694884,0.01479687453528281
61,0.013994829295233149,0.01409216076422051,0.012965631851201335,0.013206260507621961,0.013188593114114057,0.012352441922542045,0.013474620672375169,0.012923270542222406,0.012922841929875447,0.012877352468590737,0.013451458777883304,0.013130063618673197,0.012781147929244814,0.012149506716226973,0.013879527601551074,0.012248646226279369,0.014208665710705644,0.01410941758283091,0.013249816104393592,0.012692914089292476,0.013256962117378649,0.012603359996922442,0.014902658517601888,0.01266348235775907,0.013433496807781314,0.013306231677034793,0.012623550623766184,0.013832045821388564,0.01444011049654611,0.01249701308702944,0.013877055669198196,0.013336399902328669,0.012965684781985875,0.01279804025194324,0.014574875738640301,0.012340186086154165,0.01263142726943214,0.016286624748168138,0.013446811563884747,0.012555573444595777,0.013968205932490955,0.01352462595857505,0.018160436279239404,0.01393340116017574,0.0140273989971201,0.014481735755332846,0.012813038159469778,0.013534223595295073,0.013328180985703575,0.014584809133555985,0.013096308064048002,0.014446320591932045,0.013093939707009858,0.013091490860386901,0.013875179435753853,0.014442771139187953,0.013544113053474457,0.013992096768642917,0.01558217310568687,0.016785984821922766,0.023411837198388952,0.04299401693384583,0.019081396553189554,0.016979882106761362,0.0174719730985356,0.016777789796779588,0.015569045745347433,0.015444772292007398,0.015692094385522288
62,0.013685458717680227,0.014141524724461273,0.012435101845333757,0.012303672374882677,0.013724752878362067,0.013225799519898964,0.013956558643304478,0.012673666726559549,0.013101653566589109,0.012091436530353947,0.013626194943690691,0.012907577328150555,0.013472129601402682,0.01286312733764242,0.012733574979596473,0.012948160642631996,0.013179145217157136,0.013377850877909159,0.015042307633497709,0.013032965120522507,0.012783236526222297,0.012331818479499386,0.012686906211522193,0.012141312796627312,0.012987213424737312,0.01203798581727514,0.012829955809241327,0.013961241746932173,0.014072051658452867,0.015170130177422515,0.012679797484686398,0.013235533828935473,0.01605941768177448,0.01281607855414788,0.014172285403017286,0.014111637345918486,0.014505910316897925,0.013282124066905529,0.015381889181489573,0.013668259715028353,0.015114955754060067,0.013285701354399137,0.014601638844631518,0.012830883084686476,0.013435276169524168,0.01403769802275865,0.015112747601297967,0.013756179161096104,0.014143824145517302,0.013922878215172628,0.014220059581545461,0.014588093968435833,0.014132274232170509,0.017404030093266236,0.016858150250363545,0.015737798713656128,0.0143069787664907,0.015891667858312458,0.014107496303946112,0.016652501643257392,0.018669210460537024,0.021190217560413532,0.03981298934135204,0.017419315346189953,0.015465458073979052,0.015511442079323055,0.015040797031218642,0.013632468819810532,0.013679822086226338
63,0.013614678119865588,0.012813733163844663,0.014684776208389124,0.013050704727085109,0.012225353517482022,0.01264102646614896,0.011798019973652039,0.012483255381007266,0.014950330931496609,0.015142654128366361,0.012501445069615579,0.014037629483397606,0.01209673567479579,0.013779868571175207,0.013372921454023759,0.013041813489780639,0.012849015163055755,0.013807658442000922,0.012691136663304169,0.013298672194461354,0.015328752159242207,0.01570366681021205,0.013269494458119846,0.01487147830562745,0.01398434761670437,0.013669875125059221,0.012908695510601002,0.012914859016415281,0.012290422535540475,0.016353441310950845,0.012448894032254652,0.012238291103719592,0.013730566688680527,0.012802827657866719,0.012811009222329669,0.01315091100191356,0.016233582853157198,0.013765682748416145,0.01604007047711728,0.013320506904983669,0.013621668808074127,0.012845885818736308,0.014466423004661012,0.01299159419313185,0.013668286323459433,0.013467480397528446,0.013825625718797675,0.012928965553254353,0.01581640306362185,0.013292693633356669,0.012773174633775591,0.01433197446469056,0.016758131711228745,0.015123182252411962,0.01456999272774046,0.01528851544029845,0.015810584004277952,0.014224740142197169,0.017354066963485425,0.015891581581462654,0.01727063016624631,0.0170591746242039,0.019372347966684984,0.03642370469061137,0.01733560652975224,0.014594631374979966,0.015530310129431141,0.014824573002234397,0.015819246717804533
64,0.013067839890481919,0.01246652222715581,0.013472265320499643,0.01312693024383926,0.013162289077546258,0.012727225375931192,0.012394822339601591,0.013351745633598157,0.013958830765633347,0.013829968090248397,0.012181204379488766,0.013399553634546634,0.01201311075770888,0.01515818760121668,0.01321847424860869,0.012777615358461277,0.01286978404178036,0.01309859615501952,0.013264082963611194,0.013713146610204115,0.013921855842837859,0.013836736586648956,0.012481648354731834,0.013232023463746086,0.016326423175933347,0.013572697780825859,0.012323756168878592,0.013251783762008269,0.014688115676252188,0.014164905724413564,0.01338932982928807,0.012560031055724771,0.015812576397898768,0.013452964561518819,0.013292716850465451,0.015182502352374698,0.0137122204107989,0.01471162431090862,0.014435072887103705,0.014641075663384798,0.015417548440839493,0.013121158522137221,0.01383750580582219,0.012607608810248735,0.013055680639219388,0.013905079905401902,0.013719095046856153,0.013578214172174254,0.013121526556372968,0.013311871878977612,0.01321713273498267,0.012997818262640721,0.016122000290335916,0.014618979953554599,0.016358713613292605,0.014309794000921135,0.016177249222233896,0.01467159033381277,0.015846352666889146,0.013600223280024937,0.01668958250061455,0.01753447282988895,0.01548984404067807,0.0192076238967957,0.03930721676129392,0.014670718251996985,0.01741719469071077,0.015173350372189047,0.018672596948168762
65,0.012965846703838421,0.013045233609720467,0.011938849226193484,0.013094161089474822,0.012929142385662375,0.012680704929406747,0.013398396083045218,0.013130419974123194,0.01411259023393881,0.012234681944408342,0.013361336968821,0.015318474045464178,0.014211621121487763,0.012460259171206967,0.01247525089591607,0.012040363786729546,0.016080668203969604,0.012553760784271707,0.013590472474832515,0.013253993140218195,0.014791030706785172,0.011870972243999203,0.012767284151507265,0.011798676887023326,0.013747117234201186,0.012804930552243968,0.013225119010831779,0.013840192280638817,0.013430956146709857,0.012432200460544945,0.013499793515389703,0.013438335771938216,0.012732945096590132,0.01293641872615653,0.014168451933138568,0.012844729536516572,0.012529342116497588,0.013178091685154119,0.01308297204720772,0.013286015259925149,0.013337082257773499,0.013899659468771045,0.014281970907771011,0.016415681498762557,0.014953097483761094,0.012963530652767844,0.012995324852178792,0.01614265017480735,0.014027323441215614,0.016871128467937386,0.013678672739851747,0.015641068549733718,0.013575508847664694,0.01403587341692091,0.014635956663774898,0.013882015141424198,0.01469401225877254,0.01472218759798498,0.017512616049027086,0.016764611658159425,0.01719833369912052,0.016760368222885926,0.015464449986022921,0.014511710062536503,0.01672870168556607,0.04618420481972658,0.01696614291117531,0.019195570105286462,0.014678744242889985
66,0.012504836314314772,0.012386002024646228,0.012991078918752261,0.013185823942293966,0.012747269936105666,0.013218206300644155,0.012767203247485866,0.013254988594747616,0.012710557144987216,0.013172563076736817,0.012511946095281699,0.01323864113552328,0.012674609398172465,0.01848880656382437,0.013691932549617022,0.01581170759541153,0.012974788558076225,0.012539153019896707,0.013362868983007797,0.014484627751484522,0.013419032625833575,0.013813463477399687,0.012177431353814439,0.01344689703314889,0.012804359756657845,0.012930064265277128,0.014654722517463234,0.013224568765988992,0.015438084371451393,0.01404483543766075,0.013553729387008178,0.013403229217564048,0.014961081765814612,0.014988320038817341,0.012571049066402029,0.015776089619571932,0.013819749642924924,0.012687972435666234,0.013831864957680639,0.0156768789283404,0.014516965116320314,0.01282447826991074,0.01218600220374634,0.012913804681050698,0.013637277464635538,0.013829568707975016,0.015316615477527119,0.013400889364186616,0.013705431584084923,0.01303415691230773,0.012631870775585608,0.013043839878046474,0.0160382644190368,0.01569071000559773,0.014257107611102868,0.014019585360477364,0.016674582043822068,0.013955749404416908,0.015011028204022265,0.01420995558141876,0.01481606207416913,0.015628504813510878,0.015068144726431835,0.015517159357615818,0.017421393144781607,0.01915397647531314,0.038203465484694894,0.020078506443681362,0.017273868599033078
67,0.012339468383674496,0.012995376243733389,0.013679284365552826,0.013098908707324162,0.012269192268763744,0.013648363561038353,0.012529870712183512,0.013134049867166637,0.014065814539927347,0.012900904807304157,0.012556020691902921,0.013934504442090568,0.012970634827018,0.01604841230812297,0.01295009920149979,0.015881360176044454,0.014312477347891499,0.012706174577469885,0.01336096580671359,0.013638924216529466,0.014536791368553736,0.013304906486785818,0.013256062567812197,0.012995222071463516,0.015755097058069826,0.012771175961088944,0.014147352357547835,0.012795401130735382,0.012696022505621744,0.013199222330172048,0.014800711378884463,0.013634502193887612,0.012943468709932886,0.014843025361053567,0.013475675125577201,0.014322395365305177,0.013181291201798563,0.013433057168411193,0.013600207453834336,0.014321762891695691,0.01231415041632476,0.012212409532481655,0.01374522015904242,0.01417345637868055,0.01705278373808064,0.013174383173785097,0.013977946933845641,0.014760473881933406,0.014493784848042604,0.015900240035590374,0.013543260512505803,0.013993963966895413,0.014057043963364265,0.014968623089164503,0.014587785130414144,0.014242619422390444,0.015187133450314898,0.014128736890703807,0.015774573346525097,0.014233100879821308,0.01488584651892178,0.015481427038198551,0.01363758560357377,0.014790686413845795,0.015155148836929293,0.019261126738806804,0.022008026551829773,0.04021639762529759,0.015007907182506384
68,0.013529700456205595,0.01273419240743424,0.013332460164979196,0.013753180593808156,0.01357131756682588,0.012733124789657562,0.012431436117972221,0.01319820193304061,0.014439297869185077,0.01367922220533352,0.012916394997802352,0.013477013707782844,0.012540831888904995,0.012810381601149716,0.01351775648594157,0.012695442557336588,0.01284790388156122,0.013073488524117396,0.012850890975567438,0.013353100085778927,0.014249556955219624,0.014192714809639519,0.016668136616641075,0.013484384644391284,0.017260047907277726,0.013624690225783857,0.013268647319312845,0.012223695725972287,0.012790841422023873,0.014047782820293746,0.015764837343864628,0.013337984180117068,0.01327968691036724,0.012985145001976969,0.015632247396389912,0.012759104782631508,0.014953442275257097,0.01556032598905624,0.013608852787246752,0.013464600269257158,0.013187761546849613,0.01325181584554012,0.01354888688421138,0.012840304268264357,0.013783473808481163,0.013334408693528112,0.01303383228450966,0.014893992378947443,0.013300015635277086,0.01374818836432871,0.01371110159423064,0.013961717397489375,0.014293473304969138,0.013931972682503537,0.015062503451384227,0.016303773144700745,0.014344296854713185,0.014739938188213878,0.01563739818330782,0.014305881521926854,0.014795706195325824,0.015674552157730982,0.013637293104822274,0.015728115319207984,0.018585240761792236,0.014677575613464887,0.017188912670506824,0.01707382918268657,0.04478197476797978
