delta_id,rw_x,rw_y,rw_z,cluster,stationary_probability
1,0.013301469356543623,0.006660003387255987,0.001901122608945553,4,0.014392317849193453
2,0.01459198692513267,0.008135828331359047,0.0018947911607745563,4,0.014139146663467075
3,0.013881410779887079,-0.002319687246997892,0.007258102854173835,1,0.015230902225412396
4,0.01589831669517105,0.0019668953876735545,0.0059226189343631825,1,0.01434851375446343
5,0.017310287300167475,0.0076228228989869235,-6.005578533059169e-06,1,0.014386349157028359
6,0.01576747508735339,0.004049317340563154,-5.283308173095497e-05,1,0.014307926196002758
7,0.018744195133154513,0.007707585592984768,-0.0008937853333681292,1,0.014374650798969347
8,0.015029845899017366,0.003591850927832547,-0.0011513381805361748,1,0.014245070768477166
9,0.005314622727777809,0.003406909608294393,0.006421637259644944,1,0.014628176513573716
10,0.014366867408559142,-0.0014059342005572728,0.009628026639652539,1,0.015075115697860146
11,0.016396640937634627,0.008190455863324772,0.002048473707718589,1,0.01422242591521026
12,0.00625827502501673,0.002190716657510843,0.006011496762111906,7,0.014616723299689825
13,0.015477997501012876,0.0064755808723422036,-0.0008988987813695927,1,0.013930543792159104
14,0.002504648041773256,-0.010221216788124692,-9.401078602503396e-06,6,0.015218406858769852
15,0.015335844962603299,0.0005655454356158671,0.005276901223338247,1,0.014719407265469178
16,0.011813080433437723,-0.0026597905657481467,0.001081899446486713,1,0.015007693570084177
17,0.0027680418138253853,0.003514223751632598,-0.002402166162255005,7,0.014321848027120809
18,0.01248959861487631,0.002010729036557586,0.0012338603290149193,1,0.014796365984298655
19,-0.00018460280741896905,-0.004831542892885137,-0.00703339880603023,6,0.014709404968510673
20,0.0028605906740562354,-0.008045829596712042,-0.005039532612407158,6,0.014503921243377372
21,0.0008203011671034674,-0.006496597553906495,0.005725281275463542,7,0.015396346105944717
22,0.005688943402204556,-0.010674181302492232,0.004655852507060762,7,0.015364160746034665
23,0.004722461547433266,-0.0015744070839958846,-0.0022424388913437005,7,0.01455305124040973
24,0.010482928506005006,-0.008736710552937062,0.0036242652390289054,7,0.015477605356307078
25,0.001196113529890259,-0.005068934543148049,0.004130240221749633,7,0.014736541841748206
26,0.011426575452466795,-0.0057867359118077884,4.33432794468573e-05,7,0.014742752836702767
27,0.00865373951820259,-0.005466137842210793,-0.00578443193461464,6,0.014691658359729215
28,0.007175467206566948,-0.0033875322798727985,-0.005940982555347152,6,0.01458224590314052
29,-0.0036393139120482047,-0.008333447377062904,-0.011086140125507885,6,0.014560181683712242
30,-0.002753907793844184,-0.011576056689225123,0.0016494009422023724,3,0.015538461856412495
31,-0.00326057303239255,-0.004192576599961865,-0.009107500078257115,6,0.013972668986618905
32,0.004601649078726637,-0.0032934724340130113,-0.010074658430261086,6,0.014482270372774785
33,-0.003609967000780732,-0.012706567862204829,-0.005562657013963308,6,0.015021542821232936
34,-0.0008567175591144682,-0.01187431657447629,-0.009803371887891663,6,0.014769177018791277
35,-0.0037516487593456426,0.0034036634789081466,-0.0074508199098698704,4,0.013767731034294019
36,-0.006246355572998871,-0.012189595513425097,-0.009257670923369585,6,0.01477476197686315
37,-0.003438620995675499,-0.012438733238259125,0.0027087363273586794,3,0.015394860029190358
38,-0.006916332938111952,-0.0018970349491780844,-0.00432640257717154,4,0.01381107663539296
39,-0.005212953400549005,-0.008176873092014921,0.004037066287726828,3,0.015386253605322002
40,-0.0059629915666640325,-0.009419307068561778,-0.007224270140348421,3,0.014913415339546524
41,-0.004077113904591492,-0.0007836850396680638,-0.008492732923256635,4,0.014796674607395185
42,0.0045367058113575925,0.00504425525811879,-0.009483162040558383,4,0.01462315488834078
43,-0.00773071603401951,0.011184848534050579,-0.003974213874806535,4,0.014476481283771355
44,-0.0074410926041908795,0.00799331554719471,-0.009466494660321427,2,0.014240554448381208
45,-0.009711480955879781,0.005377852276279841,-0.007343781625762892,2,0.014069687050558305
46,-0.0022072162624432426,0.0029275587699985678,-0.006857142024610136,4,0.014933150295488487
47,-0.008215347131191658,-0.002364230982973129,-0.005770547821878704,3,0.014611797496557189
48,-0.009051341151712751,0.009082374959221306,-0.008286486207912645,2,0.014386269000007706
49,-0.009831600543666311,0.0077953199063942585,-0.00666865985479254,2,0.013709340951278107
50,-0.00881192149640156,0.013531634489944894,-0.007545894296815245,2,0.013583869197217623
51,0.0006020434546588866,0.01168215085420574,-0.007507815019849634,2,0.013868907155904449
52,-0.009544227723979861,0.013615226605024951,-0.0034577362396344797,2,0.013995563684352735
53,-0.00674090453111604,-0.00860991007717301,0.0064540889508871765,3,0.015230032281264995
54,-0.010370566692375353,-0.003694563743238638,0.0022146185170315537,3,0.014443545583300283
55,-0.011014695286596026,-0.0037044893801840245,0.004073252533298675,3,0.014211792290905214
56,-0.007973732768453604,0.001566362288537279,0.006058146136800163,3,0.01382652503675728
57,-0.010948441833055269,-0.005523955610594451,0.0009702748966182898,3,0.014606791971541782
58,-0.006302537731081047,0.005383925639046881,0.00019186025634054606,5,0.014323968994447147
59,-0.008983112566747957,-9.451235887436663e-05,0.012867883633938003,7,0.014902610802395404
60,-0.011034813084871786,0.011213337056968416,0.003008979781584447,5,0.012924560013779023
61,-0.013736737555524623,0.013044822402637938,0.009087448469474587,5,0.013514666087716955
62,-0.010767418714676426,0.010578332372059589,0.009744952877729402,5,0.013819731204021236
63,-0.011408494704775887,0.004017513782046449,0.00665097766961711,5,0.014375498797452976
64,-0.009621360412521242,-0.002696713966781819,0.015114842317889189,3,0.015049556248156144
65,-0.010679719693125964,-0.004682943473858427,0.010753028738705291,5,0.01447926075146317
66,-0.011878482738359746,0.010379862610100057,0.005780925973833006,5,0.01332696721815909
67,-0.009275134440654212,-0.00747192943380544,0.006375987399731112,5,0.014688678262563107
68,-0.009304153275422332,-0.00017492716010880497,0.005684859357293342,5,0.014305982245334477
69,-0.00752177481523776,-0.0013357409356334123,0.009918126155943478,5,0.013562707852182294
