level,index,value,abs_bit_length,sign,popcount_abs
1,1,2,2,1,1
1,2,4,3,1,1
1,3,1,1,1,1
1,4,13,4,1,3
1,5,28,5,1,3
1,6,27,5,1,4
1,7,148,8,1,3
1,8,243,8,1,6
1,9,47,6,1,5
1,10,641,10,1,3
1,11,1528,11,1,7
1,12,2533,12,1,7
1,13,5328,13,1,5
1,14,16323,14,1,10
1,15,24643,15,1,5
1,16,44313,16,1,8
1,17,102846,17,1,10
1,18,158866,18,1,8
1,19,505782,19,1,14
1,20,948447,20,1,14
1,21,1195739,21,1,13
1,22,2591299,22,1,10
1,23,8829874,24,1,13
1,24,18756833,25,1,12
1,25,21353353,25,1,12
1,26,57411079,26,1,11
1,27,115684467,27,1,15
1,28,173074486,28,1,12
1,29,632453190,30,1,14
1,30,1069226467,30,1,20
1,31,991084263,30,1,19
1,32,4043965098,32,1,12
1,33,6995634245,33,1,15
1,34,5979799635,33,1,13
1,35,22274898188,35,1,21
1,36,57863790615,36,1,19
1,37,46719975997,36,1,17
1,38,176753432345,38,1,19
1,39,679926444013,40,1,24
1,40,454600792197,39,1,17
1,41,1437122347316,41,1,19
1,42,4514436495362,43,1,15
1,43,7994950709246,43,1,26
1,44,4591701329526,43,1,20
1,45,31412207262015,45,1,25
1,46,68257988765558,46,1,24
1,47,71540315586273,47,1,21
1,48,217911930332082,48,1,21
1,49,202021591135239,48,1,25
1,50,1447629018986112,51,1,22
1,51,2157726124446824,51,1,24
1,52,2547188331877424,52,1,25
1,53,3210771273018583,52,1,30
1,54,20070935247372753,55,1,27
1,55,14173351800807115,54,1,31
1,56,94027016618169917,57,1,27
1,57,61730909065495557,56,1,28
1,58,325093716281924142,59,1,27
1,59,609970965961230191,60,1,35
1,60,290746192399158600,59,1,29
1,61,2482584999889167080,62,1,34
1,62,5084857407016647706,63,1,34
1,63,8806437408053766860,63,1,27
1,64,12768709954485966227,64,1,28
1,65,15777840238282132871,64,1,34
1,66,86310726052039920576,67,1,32
1,67,87241322610929783523,67,1,37
1,68,77376225707059865979,67,1,33
1,69,673162482084647784677,70,1,37
2,1,2,2,1,1
2,2,-3,2,-1,2
2,3,12,4,1,2
2,4,15,4,1,4
2,5,-1,1,-1,1
2,6,121,7,1,5
2,7,95,7,1,6
2,8,-196,8,-1,3
2,9,594,10,1,4
2,10,887,10,1,8
2,11,1005,10,1,8
2,12,2795,12,1,8
2,13,10995,14,1,9
2,14,8320,14,1,2
2,15,19670,15,1,8
2,16,58533,16,1,8
2,17,56020,16,1,9
2,18,346916,19,1,8
2,19,442665,19,1,8
2,20,247292,18,1,12
2,21,1395560,21,1,10
2,22,6238575,23,1,15
2,23,9926959,24,1,15
2,24,2596520,22,1,12
2,25,36057726,26,1,13
2,26,58273388,26,1,15
2,27,57390019,26,1,16
2,28,459378704,29,1,10
2,29,436773277,29,1,12
2,30,-78142204,27,-1,14
2,31,3052880835,32,1,19
2,32,2951669147,32,1,22
2,33,-1015834610,30,-1,17
2,34,16295098553,34,1,19
2,35,35588892427,36,1,15
2,36,-11143814618,34,-1,17
2,37,130033456348,37,1,18
2,38,503173011668,39,1,21
2,39,-225325651816,38,-1,20
2,40,982521555119,40,1,20
2,41,3077314148046,42,1,26
2,42,3480514213884,42,1,24
2,43,-3403249379720,42,-1,17
2,44,26820505932489,45,1,20
2,45,36845781503543,46,1,25
2,46,3282326820715,42,1,26
2,47,146371614745809,48,1,21
2,48,-15890339196843,44,-1,25
2,49,1245607427850873,51,1,24
2,50,710097105460712,50,1,26
2,51,389462207430600,49,1,27
2,52,663582941141159,50,1,26
2,53,16860163974354170,54,1,32
2,54,-5897583446565638,53,-1,26
2,55,79853664817362802,57,1,33
2,56,-32296107552674360,55,-1,24
2,57,263362807216428585,58,1,33
2,58,284877249679306049,58,1,31
2,59,-319224773562071591,59,-1,37
2,60,2191838807490008480,61,1,32
2,61,2602272407127480626,62,1,27
2,62,3721580001037119154,62,1,32
2,63,3962272546432199367,62,1,37
2,64,3009130283796166644,62,1,28
2,65,70532885813757787705,66,1,36
2,66,930596558889862947,60,1,29
2,67,-9865096903869917544,64,-1,37
2,68,595786256377587918698,70,1,35
3,1,-5,3,-1,2
3,2,15,4,1,4
3,3,3,2,1,2
3,4,-16,5,-1,1
3,5,122,7,1,5
3,6,-26,5,-1,3
3,7,-291,9,-1,4
3,8,790,10,1,5
3,9,293,9,1,4
3,10,118,7,1,5
3,11,1790,11,1,9
3,12,8200,14,1,2
3,13,-2675,12,-1,7
3,14,11350,14,1,7
3,15,38863,16,1,11
3,16,-2513,12,-1,6
3,17,290896,19,1,6
3,18,95749,17,1,8
3,19,-195373,18,-1,12
3,20,1148268,21,1,9
3,21,4843015,23,1,11
3,22,3688384,22,1,9
3,23,-7330439,23,-1,15
3,24,33461206,25,1,17
3,25,22215662,25,1,17
3,26,-883369,20,-1,12
3,27,401988685,29,1,19
3,28,-22605427,25,-1,15
3,29,-514915481,29,-1,17
3,30,3131023039,32,1,23
3,31,-101211688,27,-1,10
3,32,-3967503757,32,-1,19
3,33,17310933163,35,1,18
3,34,19293793874,35,1,24
3,35,-46732707045,36,-1,18
3,36,141177270966,38,1,19
3,37,373139555320,39,1,21
3,38,-728498663484,40,-1,22
3,39,1207847206935,41,1,18
3,40,2094792592927,41,1,27
3,41,403200065838,39,1,18
3,42,-6883763593604,43,-1,13
3,43,30223755312209,45,1,23
3,44,10025275571054,44,1,25
3,45,-33563454682828,45,-1,24
3,46,143089287925094,48,1,20
3,47,-162261953942652,48,-1,20
3,48,1261497767047716,51,1,23
3,49,-535510322390161,49,-1,22
3,50,-320634898030112,49,-1,21
3,51,274120733710559,48,1,31
3,52,16196581033213011,54,1,28
3,53,-22757747420919808,55,-1,24
3,54,85751248263928440,57,1,27
3,55,-112149772370037162,57,-1,34
3,56,295658914769102945,59,1,29
3,57,21514442462877464,55,1,27
3,58,-604102023241377640,60,-1,30
3,59,2511063581052080071,62,1,31
3,60,410433599637472146,59,1,29
3,61,1119307593909638528,60,1,24
3,62,240692545395080213,58,1,28
3,63,-953142262636032723,60,-1,31
3,64,67523755529961621061,66,1,34
3,65,-69602289254867924758,66,-1,38
3,66,-10795693462759780491,64,-1,28
3,67,605651353281457836242,70,1,34
